query_mass,compound_id,compound_name,kegg_id,formula,monoisotopic_mass,adduct,adduct_type,adduct_m/z,delta(ppm)
640.3235968,HMDB0173676,"4-{[2-({14-acetyl-5,13-dihydroxy-2,15-dimethyltetracyclo[8.7.0.0²,⁷.0¹¹,¹⁵]heptadecan-14-yl}sulfanyl)-1-[(carboxymethyl)-C-hydroxycarbonimidoyl]ethyl]-C-hydroxycarbonimidoyl}-2-aminobutanoic acid",n/a,C31H49N3O9S,639.318951344,M+H,+,640.326227,4
640.3235968,HMDB0173677,"4-{[2-({14-acetyl-5,14-dihydroxy-2,15-dimethyltetracyclo[8.7.0.0²,⁷.0¹¹,¹⁵]heptadecan-13-yl}sulfanyl)-1-[(carboxymethyl)-C-hydroxycarbonimidoyl]ethyl]-C-hydroxycarbonimidoyl}-2-aminobutanoic acid",n/a,C31H49N3O9S,639.318951344,M+H,+,640.326227,4
384.2733508,HMDB0013332,"(3R)-3-{[(3R,8Z)-3-hydroxytetradeca-5,8-dienoyl]oxy}-4-(trimethylazaniumyl)butanoate",n/a,C21H37NO5,383.267173295,M+H,+,384.274449,3
640.3263029,HMDB0173676,"4-{[2-({14-acetyl-5,13-dihydroxy-2,15-dimethyltetracyclo[8.7.0.0²,⁷.0¹¹,¹⁵]heptadecan-14-yl}sulfanyl)-1-[(carboxymethyl)-C-hydroxycarbonimidoyl]ethyl]-C-hydroxycarbonimidoyl}-2-aminobutanoic acid",n/a,C31H49N3O9S,639.318951344,M+H,+,640.326227,0
640.3263029,HMDB0173677,"4-{[2-({14-acetyl-5,14-dihydroxy-2,15-dimethyltetracyclo[8.7.0.0²,⁷.0¹¹,¹⁵]heptadecan-13-yl}sulfanyl)-1-[(carboxymethyl)-C-hydroxycarbonimidoyl]ethyl]-C-hydroxycarbonimidoyl}-2-aminobutanoic acid",n/a,C31H49N3O9S,639.318951344,M+H,+,640.326227,0
545.3558522,HMDB0174462,"{[2,5-dihydroxy-4-(3-hydroxy-3,7,11,15-tetramethylhexadecyl)-3,6-dimethylphenyl]methoxy}sulfonic acid",n/a,C29H52O7S,544.343375188,M+H,+,545.350651,10
545.3558522,HMDB0174459,"{[2,5-dihydroxy-3-(3-hydroxy-3,7,11,15-tetramethylhexadecyl)-4,6-dimethylphenyl]methoxy}sulfonic acid",n/a,C29H52O7S,544.343375188,M+H,+,545.350651,10
545.3558522,HMDB0174465,"{[2,5-dihydroxy-6-(3-hydroxy-3,7,11,15-tetramethylhexadecyl)-3,4-dimethylphenyl]methoxy}sulfonic acid",n/a,C29H52O7S,544.343375188,M+H,+,545.350651,10
545.3558522,HMDB0174468,"{[1-(2,5-dihydroxy-3,4,6-trimethylphenyl)-3-hydroxy-3,7,11,15-tetramethylhexadecyl]oxy}sulfonic acid",n/a,C29H52O7S,544.343375188,M+H,+,545.350651,10
545.3558522,HMDB0174474,"{[8-(2,5-dihydroxy-3,4,6-trimethylphenyl)-2-(4,8-dimethylnonyl)-6-hydroxy-6-methyloctyl]oxy}sulfonic acid",n/a,C29H52O7S,544.343375188,M+H,+,545.350651,10
545.3558522,HMDB0174471,"({2-[2-(2,5-dihydroxy-3,4,6-trimethylphenyl)ethyl]-2-hydroxy-6,10,14-trimethylpentadecyl}oxy)sulfonic acid",n/a,C29H52O7S,544.343375188,M+H,+,545.350651,10
545.3558522,HMDB0174477,"{[12-(2,5-dihydroxy-3,4,6-trimethylphenyl)-10-hydroxy-6,10-dimethyl-2-(4-methylpentyl)dodecyl]oxy}sulfonic acid",n/a,C29H52O7S,544.343375188,M+H,+,545.350651,10
545.3558522,HMDB0174480,"{[16-(2,5-dihydroxy-3,4,6-trimethylphenyl)-14-hydroxy-2,6,10,14-tetramethylhexadecyl]oxy}sulfonic acid",n/a,C29H52O7S,544.343375188,M+H,+,545.350651,10
174.1482639,HMDB0013223,Butyrylcholine,n/a,C9H20NO2,174.149403889,M+H,+,174.149404,7
174.1482639,HMDB0029936,"(2S,4R,5S)-Muscarine",C07473,C9H20NO2,174.149403889,M+H,+,174.149404,7
569.3524724,HMDB0171971,"(2-oxo-2-{[2,5,7,8-tetramethyl-2-(4,8,12-trimethyltridecyl)-3,4-dihydro-2H-1-benzopyran-6-yl]oxy}ethoxy)sulfonic acid",n/a,C31H52O7S,568.343375188,M+H,+,569.350651,3
569.3524724,HMDB0171952,"{[6-(acetyloxy)-5,7,8-trimethyl-2-(4,8,12-trimethyltridecyl)-3,4-dihydro-2H-1-benzopyran-2-yl]methoxy}sulfonic acid",n/a,C31H52O7S,568.343375188,M+H,+,569.350651,3
569.3524724,HMDB0171957,"{[6-(acetyloxy)-2,5,7-trimethyl-2-(4,8,12-trimethyltridecyl)-3,4-dihydro-2H-1-benzopyran-8-yl]methoxy}sulfonic acid",n/a,C31H52O7S,568.343375188,M+H,+,569.350651,3
569.3524724,HMDB0171959,"{[6-(acetyloxy)-2,5,8-trimethyl-2-(4,8,12-trimethyltridecyl)-3,4-dihydro-2H-1-benzopyran-7-yl]methoxy}sulfonic acid",n/a,C31H52O7S,568.343375188,M+H,+,569.350651,3
569.3524724,HMDB0171961,"{[6-(acetyloxy)-2,7,8-trimethyl-2-(4,8,12-trimethyltridecyl)-3,4-dihydro-2H-1-benzopyran-5-yl]methoxy}sulfonic acid",n/a,C31H52O7S,568.343375188,M+H,+,569.350651,3
569.3524724,HMDB0171965,"[(2-{3-[6-(acetyloxy)-2,5,7,8-tetramethyl-3,4-dihydro-2H-1-benzopyran-2-yl]propyl}-6,10-dimethylundecyl)oxy]sulfonic acid",n/a,C31H52O7S,568.343375188,M+H,+,569.350651,3
569.3524724,HMDB0171963,"[6-(acetyloxy)-2,5,7,8-tetramethyl-2-(4,8,12-trimethyltridecyl)-3,4-dihydro-2H-1-benzopyran-4-yl]oxidanesulfonic acid",n/a,C31H52O7S,568.343375188,M+H,+,569.350651,3
569.3524724,HMDB0171969,"({13-[6-(acetyloxy)-2,5,7,8-tetramethyl-3,4-dihydro-2H-1-benzopyran-2-yl]-2,6,10-trimethyltridecyl}oxy)sulfonic acid",n/a,C31H52O7S,568.343375188,M+H,+,569.350651,3
569.3524724,HMDB0171967,"({9-[6-(acetyloxy)-2,5,7,8-tetramethyl-3,4-dihydro-2H-1-benzopyran-2-yl]-6-methyl-2-(4-methylpentyl)nonyl}oxy)sulfonic acid",n/a,C31H52O7S,568.343375188,M+H,+,569.350651,3
569.3524724,HMDB0035388,"(24E)-3alpha,15alpha-Diacetoxy-23-oxo-7,9(11),24-lanostatrien-26-oic acid",n/a,C34H48O7,568.34000389,M+H,+,569.34728,9
421.3369392,HMDB0172418,(tricosan-12-yloxy)sulfonic acid,n/a,C23H48O4S,420.3273312,M+H,+,421.334607,6
651.3843815,HMDB0040682,23-trans-p-Coumaroyloxytormentic acid,n/a,C39H54O8,650.381868704,M+H,+,651.389145,7
651.3843815,HMDB0040650,3-trans-Caffeoyltormentic acid,n/a,C39H54O8,650.381868704,M+H,+,651.389145,7
495.2609762,HMDB0183858,"6-{3-carboxy-2-[(1E,3Z)-4-methyl-6-(2,6,6-trimethylcyclohex-1-en-1-yl)hexa-1,3,5-trien-1-yl]propoxy}-3,4,5-trihydroxyoxane-2-carboxylic acid",n/a,C26H38O9,494.251582804,M+H,+,495.258859,4
495.2609762,HMDB0183859,"3,4,5-trihydroxy-6-{[(4E,6Z)-3-(hydroxymethyl)-7-methyl-9-(2,6,6-trimethylcyclohex-1-en-1-yl)nona-4,6,8-trienoyl]oxy}oxane-2-carboxylic acid",n/a,C26H38O9,494.251582804,M+H,+,495.258859,4
495.2609762,HMDB0183857,"3,4,5-trihydroxy-6-{[(4E,6Z,8E)-3-hydroxy-3,7-dimethyl-9-(2,6,6-trimethylcyclohex-1-en-1-yl)nona-4,6,8-trienoyl]oxy}oxane-2-carboxylic acid",n/a,C26H38O9,494.251582804,M+H,+,495.258859,4
495.2609762,HMDB0183856,"6-{[(3E,5Z)-1-carboxy-2,6-dimethyl-8-(2,6,6-trimethylcyclohex-1-en-1-yl)octa-3,5,7-trien-2-yl]oxy}-3,4,5-trihydroxyoxane-2-carboxylic acid",n/a,C26H38O9,494.251582804,M+H,+,495.258859,4
495.2609762,HMDB0183863,"3,4,5-trihydroxy-6-{[(4E,6Z)-2-hydroxy-3,7-dimethyl-9-(2,6,6-trimethylcyclohex-1-en-1-yl)nona-4,6,8-trienoyl]oxy}oxane-2-carboxylic acid",n/a,C26H38O9,494.251582804,M+H,+,495.258859,4
495.2609762,HMDB0183893,"3,4,5-trihydroxy-6-{[(4E,6Z)-9-(4-hydroxy-2,6,6-trimethylcyclohex-1-en-1-yl)-3,7-dimethylnona-4,6,8-trienoyl]oxy}oxane-2-carboxylic acid",n/a,C26H38O9,494.251582804,M+H,+,495.258859,4
495.2609762,HMDB0183862,"6-{[(5Z)-1-carboxy-2,6-dimethyl-8-(2,6,6-trimethylcyclohex-1-en-1-yl)octa-3,5,7-trien-1-yl]oxy}-3,4,5-trihydroxyoxane-2-carboxylic acid",n/a,C26H38O9,494.251582804,M+H,+,495.258859,4
495.2609762,HMDB0183868,"6-({2-[(3Z,5E)-8-carboxy-3,7-dimethylocta-1,3,5-trien-1-yl]-3,3-dimethylcyclohex-1-en-1-yl}methoxy)-3,4,5-trihydroxyoxane-2-carboxylic acid",n/a,C26H38O9,494.251582804,M+H,+,495.258859,4
495.2609762,HMDB0183889,"6-({3-[(3Z,5E)-8-carboxy-3,7-dimethylocta-1,3,5-trien-1-yl]-2,2,4-trimethylcyclohex-3-en-1-yl}oxy)-3,4,5-trihydroxyoxane-2-carboxylic acid",n/a,C26H38O9,494.251582804,M+H,+,495.258859,4
495.2609762,HMDB0183890,"3,4,5-trihydroxy-6-{[(4E,6Z)-9-(5-hydroxy-2,6,6-trimethylcyclohex-1-en-1-yl)-3,7-dimethylnona-4,6,8-trienoyl]oxy}oxane-2-carboxylic acid",n/a,C26H38O9,494.251582804,M+H,+,495.258859,4
495.2609762,HMDB0183892,"6-({4-[(3Z,5E)-8-carboxy-3,7-dimethylocta-1,3,5-trien-1-yl]-3,5,5-trimethylcyclohex-3-en-1-yl}oxy)-3,4,5-trihydroxyoxane-2-carboxylic acid",n/a,C26H38O9,494.251582804,M+H,+,495.258859,4
495.2609762,HMDB0183886,"6-{[(4E,6Z)-3,7-dimethyl-9-{2,2,6-trimethyl-7-oxabicyclo[4.1.0]heptan-1-yl}nona-4,6,8-trienoyl]oxy}-3,4,5-trihydroxyoxane-2-carboxylic acid",n/a,C26H38O9,494.251582804,M+H,+,495.258859,4
495.2609762,HMDB0183883,"3,4,5-trihydroxy-6-{[(4E,6Z)-3-methyl-7-[3-(2,6,6-trimethylcyclohex-1-en-1-yl)oxiran-2-yl]octa-4,6-dienoyl]oxy}oxane-2-carboxylic acid",n/a,C26H38O9,494.251582804,M+H,+,495.258859,4
495.2609762,HMDB0183880,"3,4,5-trihydroxy-6-{[(4E)-3-methyl-5-{3-methyl-3-[(E)-2-(2,6,6-trimethylcyclohex-1-en-1-yl)ethenyl]oxiran-2-yl}pent-4-enoyl]oxy}oxane-2-carboxylic acid",n/a,C26H38O9,494.251582804,M+H,+,495.258859,4
495.2609762,HMDB0183877,"3,4,5-trihydroxy-6-[(3-{3-[(1Z,3E)-2-methyl-4-(2,6,6-trimethylcyclohex-1-en-1-yl)buta-1,3-dien-1-yl]oxiran-2-yl}butanoyl)oxy]oxane-2-carboxylic acid",n/a,C26H38O9,494.251582804,M+H,+,495.258859,4
495.2609762,HMDB0183875,"3,4,5-trihydroxy-6-{[(4E,6Z)-9-(3-hydroxy-2,6,6-trimethylcyclohex-1-en-1-yl)-3,7-dimethylnona-4,6,8-trienoyl]oxy}oxane-2-carboxylic acid",n/a,C26H38O9,494.251582804,M+H,+,495.258859,4
495.2609762,HMDB0183874,"6-({3-[(3Z,5E)-8-carboxy-3,7-dimethylocta-1,3,5-trien-1-yl]-2,4,4-trimethylcyclohex-2-en-1-yl}oxy)-3,4,5-trihydroxyoxane-2-carboxylic acid",n/a,C26H38O9,494.251582804,M+H,+,495.258859,4
495.2609762,HMDB0183871,"6-{[(2E,4E)-7-carboxy-6-methyl-2-[(E)-2-(2,6,6-trimethylcyclohex-1-en-1-yl)ethenyl]hepta-2,4-dien-1-yl]oxy}-3,4,5-trihydroxyoxane-2-carboxylic acid",n/a,C26H38O9,494.251582804,M+H,+,495.258859,4
495.2609762,HMDB0183872,"3,4,5-trihydroxy-6-{[(4E,6E)-7-(hydroxymethyl)-3-methyl-9-(2,6,6-trimethylcyclohex-1-en-1-yl)nona-4,6,8-trienoyl]oxy}oxane-2-carboxylic acid",n/a,C26H38O9,494.251582804,M+H,+,495.258859,4
495.2609762,HMDB0183869,"3,4,5-trihydroxy-6-{[(4E,6Z)-9-[2-(hydroxymethyl)-6,6-dimethylcyclohex-1-en-1-yl]-3,7-dimethylnona-4,6,8-trienoyl]oxy}oxane-2-carboxylic acid",n/a,C26H38O9,494.251582804,M+H,+,495.258859,4
495.2609762,HMDB0183866,"3,4,5-trihydroxy-6-{[(4E,6Z,8E)-9-[6-(hydroxymethyl)-2,6-dimethylcyclohex-1-en-1-yl]-3,7-dimethylnona-4,6,8-trienoyl]oxy}oxane-2-carboxylic acid",n/a,C26H38O9,494.251582804,M+H,+,495.258859,4
495.2609762,HMDB0183865,"6-({2-[(3Z)-8-carboxy-3,7-dimethylocta-1,3,5-trien-1-yl]-1,3-dimethylcyclohex-2-en-1-yl}methoxy)-3,4,5-trihydroxyoxane-2-carboxylic acid",n/a,C26H38O9,494.251582804,M+H,+,495.258859,4
495.2609762,HMDB0033655,"7,11-Bisdeacetylvaltrate 7-(3-methylpentanoate) 11-(3-hydroxy-3-methylbutanoate)",n/a,C26H38O9,494.251582814,M+H,+,495.258859,4
575.4179136,HMDB0183694,"6-[(24-carboxytetracosan-2-yl)oxy]-3,4,5-trihydroxyoxane-2-carboxylic acid",n/a,C31H58O9,574.408083448,M+H,+,575.415359,4
575.4179136,HMDB0183695,"3,4,5-trihydroxy-6-[(24-hydroxypentacosanoyl)oxy]oxane-2-carboxylic acid",n/a,C31H58O9,574.408083448,M+H,+,575.415359,4
575.4179136,HMDB0183700,"6-[(1-carboxytetracosyl)oxy]-3,4,5-trihydroxyoxane-2-carboxylic acid",n/a,C31H58O9,574.408083448,M+H,+,575.415359,4
575.4179136,HMDB0183698,"3,4,5-trihydroxy-6-[(25-hydroxypentacosanoyl)oxy]oxane-2-carboxylic acid",n/a,C31H58O9,574.408083448,M+H,+,575.415359,4
575.4179136,HMDB0183697,"6-[(24-carboxytetracosyl)oxy]-3,4,5-trihydroxyoxane-2-carboxylic acid",n/a,C31H58O9,574.408083448,M+H,+,575.415359,4
575.4179136,HMDB0183701,"3,4,5-trihydroxy-6-[(2-hydroxypentacosanoyl)oxy]oxane-2-carboxylic acid",n/a,C31H58O9,574.408083448,M+H,+,575.415359,4
216.1586402,HMDB0013279,N-Nonanoylglycine,n/a,C11H21NO3,215.152143543,M+H,+,216.15942,4
296.1831107,HMDB0014333,Esmolol,C06980,C16H25NO4,295.178358293,M+H,+,296.185634,9
415.3535738,HMDB0171614,"(2R,15S)-14-[(4E)-5,6-dimethylhept-4-en-2-yl]-15-(hydroxymethyl)-2-methyltetracyclo[8.7.0.0²,⁷.0¹¹,¹⁵]heptadec-7-en-5-ol",n/a,C28H46O2,414.349780721,M+H,+,415.357057,8
415.3535738,HMDB0171898,"14-(5,6-dimethylheptan-2-yl)-2-(hydroxymethyl)-15-methyltetracyclo[8.7.0.0²,⁷.0¹¹,¹⁵]heptadec-7-en-5-one",n/a,C28H46O2,414.349780721,M+H,+,415.357057,8
415.3535738,HMDB0171899,"14-(2-hydroxy-5,6-dimethylheptan-2-yl)-2,15-dimethyltetracyclo[8.7.0.0²,⁷.0¹¹,¹⁵]heptadec-7-en-5-one",n/a,C28H46O2,414.349780721,M+H,+,415.357057,8
415.3535738,HMDB0171901,"14-(6-hydroxy-5,6-dimethylheptan-2-yl)-2,15-dimethyltetracyclo[8.7.0.0²,⁷.0¹¹,¹⁵]heptadec-7-en-5-one",n/a,C28H46O2,414.349780721,M+H,+,415.357057,8
415.3535738,HMDB0171900,"14-(5-hydroxy-5,6-dimethylheptan-2-yl)-2,15-dimethyltetracyclo[8.7.0.0²,⁷.0¹¹,¹⁵]heptadec-7-en-5-one",n/a,C28H46O2,414.349780721,M+H,+,415.357057,8
415.3535738,HMDB0171902,"14-(5,6-dimethylheptan-2-yl)-9-hydroxy-2,15-dimethyltetracyclo[8.7.0.0²,⁷.0¹¹,¹⁵]heptadec-7-en-5-one",n/a,C28H46O2,414.349780721,M+H,+,415.357057,8
415.3535738,HMDB0171904,"14-(7-hydroxy-5,6-dimethylheptan-2-yl)-2,15-dimethyltetracyclo[8.7.0.0²,⁷.0¹¹,¹⁵]heptadec-7-en-5-one",n/a,C28H46O2,414.349780721,M+H,+,415.357057,8
415.3535738,HMDB0171903,"14-[6-hydroxy-5-(propan-2-yl)hexan-2-yl]-2,15-dimethyltetracyclo[8.7.0.0²,⁷.0¹¹,¹⁵]heptadec-7-en-5-one",n/a,C28H46O2,414.349780721,M+H,+,415.357057,8
415.3535738,HMDB0172240,"2,5,7-trimethyl-2-(4,8,12-trimethyltridec-12-en-1-yl)-3,4-dihydro-2H-1-benzopyran-6-ol",n/a,C28H46O2,414.349780721,M+H,+,415.357057,8
415.3535738,HMDB0172238,"2-(8,12-dimethyl-4-methylidenetridecyl)-2,5,7-trimethyl-3,4-dihydro-2H-1-benzopyran-6-ol",n/a,C28H46O2,414.349780721,M+H,+,415.357057,8
415.3535738,HMDB0171897,"14-(5,6-dimethylheptan-2-yl)-15-(hydroxymethyl)-2-methyltetracyclo[8.7.0.0²,⁷.0¹¹,¹⁵]heptadec-7-en-5-one",n/a,C28H46O2,414.349780721,M+H,+,415.357057,8
415.3535738,HMDB0171896,"14-(1-hydroxy-5,6-dimethylheptan-2-yl)-2,15-dimethyltetracyclo[8.7.0.0²,⁷.0¹¹,¹⁵]heptadec-7-en-5-one",n/a,C28H46O2,414.349780721,M+H,+,415.357057,8
415.3535738,HMDB0171895,"14-(5,6-dimethylheptan-2-yl)-13-hydroxy-2,15-dimethyltetracyclo[8.7.0.0²,⁷.0¹¹,¹⁵]heptadec-7-en-5-one",n/a,C28H46O2,414.349780721,M+H,+,415.357057,8
415.3535738,HMDB0171615,"(2S,15R)-14-[(4E)-5,6-dimethylhept-4-en-2-yl]-2-(hydroxymethyl)-15-methyltetracyclo[8.7.0.0²,⁷.0¹¹,¹⁵]heptadec-7-en-5-ol",n/a,C28H46O2,414.349780721,M+H,+,415.357057,8
415.3535738,HMDB0171616,"(2R,15S)-14-[(4E)-2-hydroxy-5,6-dimethylhept-4-en-2-yl]-2,15-dimethyltetracyclo[8.7.0.0²,⁷.0¹¹,¹⁵]heptadec-7-en-5-ol",n/a,C28H46O2,414.349780721,M+H,+,415.357057,8
415.3535738,HMDB0171617,"(2R,15R)-14-[(4E)-6-hydroxy-5,6-dimethylhept-4-en-2-yl]-2,15-dimethyltetracyclo[8.7.0.0²,⁷.0¹¹,¹⁵]heptadec-7-en-5-ol",n/a,C28H46O2,414.349780721,M+H,+,415.357057,8
415.3535738,HMDB0171618,"(2R,15R)-14-[(4E)-5,6-dimethylhept-4-en-2-yl]-2,15-dimethyltetracyclo[8.7.0.0²,⁷.0¹¹,¹⁵]heptadec-7-ene-5,6-diol",n/a,C28H46O2,414.349780721,M+H,+,415.357057,8
415.3535738,HMDB0171620,"(2R,15R)-14-[(4E)-5,6-dimethylhept-4-en-2-yl]-2,15-dimethyltetracyclo[8.7.0.0²,⁷.0¹¹,¹⁵]heptadec-7-ene-5,9-diol",n/a,C28H46O2,414.349780721,M+H,+,415.357057,8
415.3535738,HMDB0171619,"(2R,15R)-14-[(4Z)-6-hydroxy-5-(propan-2-yl)hex-4-en-2-yl]-2,15-dimethyltetracyclo[8.7.0.0²,⁷.0¹¹,¹⁵]heptadec-7-en-5-ol",n/a,C28H46O2,414.349780721,M+H,+,415.357057,8
415.3535738,HMDB0171621,"(2R,15S)-14-[(4E)-3-hydroxy-5,6-dimethylhept-4-en-2-yl]-2,15-dimethyltetracyclo[8.7.0.0²,⁷.0¹¹,¹⁵]heptadec-7-en-5-ol",n/a,C28H46O2,414.349780721,M+H,+,415.357057,8
415.3535738,HMDB0171622,"(2R,15R)-2,15-dimethyl-14-{1-[3-methyl-3-(propan-2-yl)oxiran-2-yl]propan-2-yl}tetracyclo[8.7.0.0²,⁷.0¹¹,¹⁵]heptadec-7-en-5-ol",n/a,C28H46O2,414.349780721,M+H,+,415.357057,8
415.3535738,HMDB0171623,"(2R,15R)-14-[(4E)-7-hydroxy-5,6-dimethylhept-4-en-2-yl]-2,15-dimethyltetracyclo[8.7.0.0²,⁷.0¹¹,¹⁵]heptadec-7-en-5-ol",n/a,C28H46O2,414.349780721,M+H,+,415.357057,8
415.3535738,HMDB0172239,"2-(4,12-dimethyl-8-methylidenetridecyl)-2,5,7-trimethyl-3,4-dihydro-2H-1-benzopyran-6-ol",n/a,C28H46O2,414.349780721,M+H,+,415.357057,8
415.3535738,HMDB0174298,"9-hydroxy-12,16-dimethyl-15-(6-methylheptan-2-yl)pentacyclo[9.7.0.0¹,³.0³,⁸.0¹²,¹⁶]octadecan-6-one",n/a,C28H46O2,414.349780721,M+H,+,415.357057,8
415.3535738,HMDB0185250,"(2R,15S)-14-(1-hydroxy-5,6-dimethylheptan-2-yl)-2,15-dimethyltetracyclo[8.7.0.0²,⁷.0¹¹,¹⁵]heptadec-7-en-5-one",n/a,C28H46O2,414.349780721,M+H,+,415.357057,8
415.3535738,HMDB0185251,"(2R,15S)-14-(5,6-dimethylheptan-2-yl)-15-(hydroxymethyl)-2-methyltetracyclo[8.7.0.0²,⁷.0¹¹,¹⁵]heptadec-7-en-5-one",n/a,C28H46O2,414.349780721,M+H,+,415.357057,8
415.3535738,HMDB0185252,"(2S,15R)-14-(5,6-dimethylheptan-2-yl)-2-(hydroxymethyl)-15-methyltetracyclo[8.7.0.0²,⁷.0¹¹,¹⁵]heptadec-7-en-5-one",n/a,C28H46O2,414.349780721,M+H,+,415.357057,8
415.3535738,HMDB0185254,"(2R,15R)-14-(5-hydroxy-5,6-dimethylheptan-2-yl)-2,15-dimethyltetracyclo[8.7.0.0²,⁷.0¹¹,¹⁵]heptadec-7-en-5-one",n/a,C28H46O2,414.349780721,M+H,+,415.357057,8
415.3535738,HMDB0185255,"(2R,15R)-14-(6-hydroxy-5,6-dimethylheptan-2-yl)-2,15-dimethyltetracyclo[8.7.0.0²,⁷.0¹¹,¹⁵]heptadec-7-en-5-one",n/a,C28H46O2,414.349780721,M+H,+,415.357057,8
415.3535738,HMDB0185257,"(2R,15R)-14-[6-hydroxy-5-(propan-2-yl)hexan-2-yl]-2,15-dimethyltetracyclo[8.7.0.0²,⁷.0¹¹,¹⁵]heptadec-7-en-5-one",n/a,C28H46O2,414.349780721,M+H,+,415.357057,8
415.3535738,HMDB0185256,"(2R,15R)-14-(5,6-dimethylheptan-2-yl)-9-hydroxy-2,15-dimethyltetracyclo[8.7.0.0²,⁷.0¹¹,¹⁵]heptadec-7-en-5-one",n/a,C28H46O2,414.349780721,M+H,+,415.357057,8
415.3535738,HMDB0185258,"(2R,15R)-14-(7-hydroxy-5,6-dimethylheptan-2-yl)-2,15-dimethyltetracyclo[8.7.0.0²,⁷.0¹¹,¹⁵]heptadec-7-en-5-one",n/a,C28H46O2,414.349780721,M+H,+,415.357057,8
415.3535738,HMDB0185253,"(2R,15S)-14-(2-hydroxy-5,6-dimethylheptan-2-yl)-2,15-dimethyltetracyclo[8.7.0.0²,⁷.0¹¹,¹⁵]heptadec-7-en-5-one",n/a,C28H46O2,414.349780721,M+H,+,415.357057,8
415.3535738,HMDB0185249,"(2R,15S)-14-(5,6-dimethylheptan-2-yl)-13-hydroxy-2,15-dimethyltetracyclo[8.7.0.0²,⁷.0¹¹,¹⁵]heptadec-7-en-5-one",n/a,C28H46O2,414.349780721,M+H,+,415.357057,8
415.3535738,HMDB0174582,"18-hydroxy-12,16-dimethyl-15-(6-methylheptan-2-yl)pentacyclo[9.7.0.0¹,³.0³,⁸.0¹²,¹⁶]octadecan-6-one",n/a,C28H46O2,414.349780721,M+H,+,415.357057,8
415.3535738,HMDB0174299,"6-hydroxy-12,16-dimethyl-15-(6-methylheptan-2-yl)pentacyclo[9.7.0.0¹,³.0³,⁸.0¹²,¹⁶]octadecan-9-one",n/a,C28H46O2,414.349780721,M+H,+,415.357057,8
415.3535738,HMDB0174569,"15-(1-hydroxy-6-methylheptan-2-yl)-12,16-dimethylpentacyclo[9.7.0.0¹,³.0³,⁸.0¹²,¹⁶]octadecan-6-one",n/a,C28H46O2,414.349780721,M+H,+,415.357057,8
415.3535738,HMDB0174570,"16-(hydroxymethyl)-12-methyl-15-(6-methylheptan-2-yl)pentacyclo[9.7.0.0¹,³.0³,⁸.0¹²,¹⁶]octadecan-6-one",n/a,C28H46O2,414.349780721,M+H,+,415.357057,8
415.3535738,HMDB0174568,"14-hydroxy-12,16-dimethyl-15-(6-methylheptan-2-yl)pentacyclo[9.7.0.0¹,³.0³,⁸.0¹²,¹⁶]octadecan-6-one",n/a,C28H46O2,414.349780721,M+H,+,415.357057,8
415.3535738,HMDB0174571,"12-(hydroxymethyl)-16-methyl-15-(6-methylheptan-2-yl)pentacyclo[9.7.0.0¹,³.0³,⁸.0¹²,¹⁶]octadecan-6-one",n/a,C28H46O2,414.349780721,M+H,+,415.357057,8
415.3535738,HMDB0174573,"15-(6-hydroxy-6-methylheptan-2-yl)-12,16-dimethylpentacyclo[9.7.0.0¹,³.0³,⁸.0¹²,¹⁶]octadecan-6-one",n/a,C28H46O2,414.349780721,M+H,+,415.357057,8
415.3535738,HMDB0174572,"15-(2-hydroxy-6-methylheptan-2-yl)-12,16-dimethylpentacyclo[9.7.0.0¹,³.0³,⁸.0¹²,¹⁶]octadecan-6-one",n/a,C28H46O2,414.349780721,M+H,+,415.357057,8
415.3535738,HMDB0174574,"2-hydroxy-12,16-dimethyl-15-(6-methylheptan-2-yl)pentacyclo[9.7.0.0¹,³.0³,⁸.0¹²,¹⁶]octadecan-6-one",n/a,C28H46O2,414.349780721,M+H,+,415.357057,8
415.3535738,HMDB0174575,"15-(7-hydroxy-6-methylheptan-2-yl)-12,16-dimethylpentacyclo[9.7.0.0¹,³.0³,⁸.0¹²,¹⁶]octadecan-6-one",n/a,C28H46O2,414.349780721,M+H,+,415.357057,8
415.3535738,HMDB0012113,(22S)-22-hydroxycampest-4-en-3-one,n/a,C28H46O2,414.349780721,M+H,+,415.357057,8
415.3535738,HMDB0012169,4alpha-Formyl-5alpha-cholesta-8-en-3beta-ol,n/a,C28H46O2,414.349780716,M+H,+,415.357057,8
415.3535738,HMDB0012172,"4Alpha-hydroxymethyl-5alpha-cholesta-8,24-dien-3beta-ol",n/a,C28H46O2,414.349780716,M+H,+,415.357057,8
415.3535738,HMDB0041111,"(3beta,5alpha,7alpha)-14-Methylcholesta-9(11),24-diene-3,7-diol",n/a,C28H46O2,414.349780716,M+H,+,415.357057,8
415.3535738,HMDB0035586,"1-Phenyl-1,3-docosanedione",n/a,C28H46O2,414.349780716,M+H,+,415.357057,8
415.3535738,HMDB0032004,"Ergostane-3,6-dione",n/a,C28H46O2,414.349780716,M+H,+,415.357057,8
415.3535738,HMDB0034329,Stenocereol,n/a,C28H46O2,414.349780716,M+H,+,415.357057,8
415.3535738,HMDB0062392,"4α-hydroxymethyl-5α-cholesta-8,24-dien-3β-ol",n/a,C28H46O2,414.349780721,M+H,+,415.357057,8
415.3535738,HMDB0171613,"(2R,15S)-14-[(4E)-5,6-dimethylhept-4-en-2-yl]-2,15-dimethyltetracyclo[8.7.0.0²,⁷.0¹¹,¹⁵]heptadec-7-ene-5,13-diol",n/a,C28H46O2,414.349780721,M+H,+,415.357057,8
415.3535738,HMDB0171611,"(2R,15S)-14-[(4E)-1-hydroxy-5,6-dimethylhept-4-en-2-yl]-2,15-dimethyltetracyclo[8.7.0.0²,⁷.0¹¹,¹⁵]heptadec-7-en-5-ol",n/a,C28H46O2,414.349780721,M+H,+,415.357057,8
415.3535738,HMDB0171612,"(2R,15R)-14-[(4E)-5,6-dimethylhept-4-en-2-yl]-2,15-dimethyltetracyclo[8.7.0.0²,⁷.0¹¹,¹⁵]heptadec-7-ene-5,17-diol",n/a,C28H46O2,414.349780721,M+H,+,415.357057,8
388.3035645,HMDB0013166,2-Hydroxymyristoylcarnitine,n/a,C21H41NO5,387.298473427,M+H,+,388.305749,6
388.3035645,HMDB0061640,3-Hydroxytetradecanoyl carnitine,n/a,C21H41NO5,387.298473427,M+H,+,388.305749,6
675.4160809,HMDB0176118,"10-({6-[(acetyloxy)methyl]-3,4,5-trihydroxyoxan-2-yl}oxy)-9-formyl-2,2,6a,6b,9,12a-hexamethyl-1,2,3,4,4a,5,6,6a,6b,7,8,8a,9,10,11,12,12a,12b,13,14b-icosahydropicene-4a-carboxylic acid",n/a,C38H58O10,674.402998068,M+H,+,675.410274,9
675.4160809,HMDB0187636,"6-[(4-{[2,15-dimethyl-14-(6-methylheptan-2-yl)tetracyclo[8.7.0.0²,⁷.0¹¹,¹⁵]heptadec-7-en-5-yl]oxy}-2-methylidene-4-oxobutanoyl)oxy]-3,4,5-trihydroxyoxane-2-carboxylic acid",n/a,C38H58O10,674.402998068,M+H,+,675.410274,9
605.3704371,HMDB0172996,"3,4,5-trihydroxy-6-{[14-(2-hydroxy-6-methylhept-5-en-2-yl)-2,11,15-trimethyl-5-oxotetracyclo[8.7.0.0²,⁷.0¹¹,¹⁵]heptadec-1(10)-en-8-yl]oxy}oxane-2-carboxylic acid",n/a,C34H52O9,604.361133254,M+H,+,605.368409,3
605.3704371,HMDB0172998,"3,4,5-trihydroxy-6-{[17-hydroxy-2,11,15-trimethyl-14-(6-methylhept-5-en-2-yl)-5-oxotetracyclo[8.7.0.0²,⁷.0¹¹,¹⁵]heptadec-1(10)-en-8-yl]oxy}oxane-2-carboxylic acid",n/a,C34H52O9,604.361133254,M+H,+,605.368409,3
605.3704371,HMDB0172999,"3,4,5-trihydroxy-6-{[9-hydroxy-2,11,15-trimethyl-14-(6-methylhept-5-en-2-yl)-5-oxotetracyclo[8.7.0.0²,⁷.0¹¹,¹⁵]heptadec-1(10)-en-8-yl]oxy}oxane-2-carboxylic acid",n/a,C34H52O9,604.361133254,M+H,+,605.368409,3
605.3704371,HMDB0172997,"3,4,5-trihydroxy-6-{[14-(7-hydroxy-6-methylhept-5-en-2-yl)-2,11,15-trimethyl-5-oxotetracyclo[8.7.0.0²,⁷.0¹¹,¹⁵]heptadec-1(10)-en-8-yl]oxy}oxane-2-carboxylic acid",n/a,C34H52O9,604.361133254,M+H,+,605.368409,3
605.3704371,HMDB0173000,"3,4,5-trihydroxy-6-{[8-hydroxy-2,11,15-trimethyl-14-(6-methylhept-5-en-2-yl)-5-oxotetracyclo[8.7.0.0²,⁷.0¹¹,¹⁵]heptadec-1(10)-en-9-yl]oxy}oxane-2-carboxylic acid",n/a,C34H52O9,604.361133254,M+H,+,605.368409,3
605.3704371,HMDB0173003,"6-({14-[4-(3,3-dimethyloxiran-2-yl)butan-2-yl]-2,11,15-trimethyl-5-oxotetracyclo[8.7.0.0²,⁷.0¹¹,¹⁵]heptadec-1(10)-en-8-yl}oxy)-3,4,5-trihydroxyoxane-2-carboxylic acid",n/a,C34H52O9,604.361133254,M+H,+,605.368409,3
605.3704371,HMDB0173002,"3,4,5-trihydroxy-6-{[14-(4-hydroxy-6-methylhept-5-en-2-yl)-2,11,15-trimethyl-5-oxotetracyclo[8.7.0.0²,⁷.0¹¹,¹⁵]heptadec-1(10)-en-8-yl]oxy}oxane-2-carboxylic acid",n/a,C34H52O9,604.361133254,M+H,+,605.368409,3
605.3704371,HMDB0173046,"3,4,5-trihydroxy-6-({17-hydroxy-14-[(3Z)-1-hydroxy-5,6-dimethylhept-3-en-2-yl]-2,15-dimethyltetracyclo[8.7.0.0²,⁷.0¹¹,¹⁵]heptadeca-1(10),7-dien-5-yl}oxy)oxane-2-carboxylic acid",n/a,C34H52O9,604.361133254,M+H,+,605.368409,3
605.3704371,HMDB0176102,"6-({15-[(3E)-5,6-dimethylhept-3-en-2-yl]-5-hydroxy-2,16-dimethyl-8-oxapentacyclo[9.7.0.0²,⁷.0⁷,⁹.0¹²,¹⁶]octadec-1(11)-en-10-yl}oxy)-3,4,5-trihydroxyoxane-2-carboxylic acid",n/a,C34H52O9,604.361133254,M+H,+,605.368409,3
605.3704371,HMDB0172994,"3,4,5-trihydroxy-6-{[15-(hydroxymethyl)-2,11-dimethyl-14-(6-methylhept-5-en-2-yl)-5-oxotetracyclo[8.7.0.0²,⁷.0¹¹,¹⁵]heptadec-1(10)-en-8-yl]oxy}oxane-2-carboxylic acid",n/a,C34H52O9,604.361133254,M+H,+,605.368409,3
605.3704371,HMDB0172992,"3,4,5-trihydroxy-6-{[14-(1-hydroxy-6-methylhept-5-en-2-yl)-2,11,15-trimethyl-5-oxotetracyclo[8.7.0.0²,⁷.0¹¹,¹⁵]heptadec-1(10)-en-8-yl]oxy}oxane-2-carboxylic acid",n/a,C34H52O9,604.361133254,M+H,+,605.368409,3
605.3704371,HMDB0172995,"3,4,5-trihydroxy-6-{[11-(hydroxymethyl)-2,15-dimethyl-14-(6-methylhept-5-en-2-yl)-5-oxotetracyclo[8.7.0.0²,⁷.0¹¹,¹⁵]heptadec-1(10)-en-8-yl]oxy}oxane-2-carboxylic acid",n/a,C34H52O9,604.361133254,M+H,+,605.368409,3
605.3704371,HMDB0172991,"3,4,5-trihydroxy-6-{[13-hydroxy-2,11,15-trimethyl-14-(6-methylhept-5-en-2-yl)-5-oxotetracyclo[8.7.0.0²,⁷.0¹¹,¹⁵]heptadec-1(10)-en-8-yl]oxy}oxane-2-carboxylic acid",n/a,C34H52O9,604.361133254,M+H,+,605.368409,3
605.3704371,HMDB0172993,"3,4,5-trihydroxy-6-{[2-(hydroxymethyl)-11,15-dimethyl-14-(6-methylhept-5-en-2-yl)-5-oxotetracyclo[8.7.0.0²,⁷.0¹¹,¹⁵]heptadec-1(10)-en-8-yl]oxy}oxane-2-carboxylic acid",n/a,C34H52O9,604.361133254,M+H,+,605.368409,3
605.3704371,HMDB0176103,"6-({15-[(3E)-5,6-dimethylhept-3-en-2-yl]-10-hydroxy-2,16-dimethyl-8-oxapentacyclo[9.7.0.0²,⁷.0⁷,⁹.0¹²,¹⁶]octadec-1(11)-en-5-yl}oxy)-3,4,5-trihydroxyoxane-2-carboxylic acid",n/a,C34H52O9,604.361133254,M+H,+,605.368409,3
134.0808293,HMDB0031658,L-2-Amino-5-hydroxypentanoic acid,n/a,C5H11NO3,133.073893223,M+H,+,134.081169,3
134.0808293,HMDB0039499,"1,4-Dideoxy-1,4-imino-D-ribitol",n/a,C5H11NO3,133.073893223,M+H,+,134.081169,3
134.0808293,HMDB0032356,N-Lactoyl ethanolamine,n/a,C5H11NO3,133.073893223,M+H,+,134.081169,3
134.0808293,HMDB0171727,4-amino-4-methoxybutanoic acid,n/a,C5H11NO3,133.073893218,M+H,+,134.081169,3
509.3793948,HMDB0035150,2'-Apo-beta-carotenal,n/a,C37H48O,508.370516158,M+H,+,509.377792,3
509.3793948,HMDB0035853,3beta-Methoxy-7-multiflorene,n/a,C30H52O6,508.376389396,M+H,+,509.383665,8
527.3327199,HMDB0035386,Sterebin G,n/a,C32H46O6,526.329439204,M+H,+,527.336715,8
527.3327199,HMDB0035387,"(+)-1,18-Nonacosanediol",n/a,C32H46O6,526.329439204,M+H,+,527.336715,8
244.1903675,HMDB0013286,N-Undecanoylglycine,n/a,C13H25NO3,243.183443671,M+H,+,244.19072,1
663.342273,HMDB0181030,"3-[(6-carboxy-3,4,5-trihydroxyoxan-2-yl)oxy]-2-hydroxy-4,6a,6b,14b-tetramethyl-11-methylidene-1,2,3,4,4a,5,6,6a,6b,7,8,8a,9,10,11,12,12a,14,14a,14b-icosahydropicene-4,8a-dicarboxylic acid",n/a,C35H50O12,662.33022705,M+H,+,663.337503,7
172.1322045,HMDB0005015,Gabapentin,n/a,C9H17NO2,171.125928793,M+H,+,172.133205,6
965.519909,HMDB0010014,"PIP(20:3(8Z,11Z,14Z)/18:2(9Z,12Z))",C00626,C47H82O16P2,964.5078096,M+H,+,965.515086,5
965.519909,HMDB0010017,"PIP(20:4(5Z,8Z,11Z,14Z)/18:1(11Z))",C00626,C47H82O16P2,964.5078096,M+H,+,965.515086,5
965.519909,HMDB0010018,"PIP(20:4(5Z,8Z,11Z,14Z)/18:1(9Z))",C00626,C47H82O16P2,964.5078096,M+H,+,965.515086,5
965.519909,HMDB0010022,"PIP(20:4(8Z,11Z,14Z,17Z)/18:1(9Z))",C00626,C47H82O16P2,964.5078096,M+H,+,965.515086,5
965.519909,HMDB0010024,"PIP(22:3(10Z,13Z,16Z)/16:2(9Z,12Z))",C00626,C47H82O16P2,964.5078096,M+H,+,965.515086,5
965.519909,HMDB0010021,"PIP(20:4(8Z,11Z,14Z,17Z)/18:1(11Z))",C00626,C47H82O16P2,964.5078096,M+H,+,965.515086,5
965.519909,HMDB0010030,"PIP(22:5(7Z,10Z,13Z,16Z,19Z)/16:0)",C00626,C47H82O16P2,964.5078096,M+H,+,965.515086,5
965.519909,HMDB0009937,"PIP(16:0/22:5(4Z,7Z,10Z,13Z,16Z))",n/a,C47H82O16P2,964.5078096,M+H,+,965.515086,5
965.519909,HMDB0010009,"PIP(20:3(5Z,8Z,11Z)/18:2(9Z,12Z))",C00626,C47H82O16P2,964.5078096,M+H,+,965.515086,5
965.519909,HMDB0009992,"PIP(18:2(9Z,12Z)/20:3(8Z,11Z,14Z))",C00626,C47H82O16P2,964.5078096,M+H,+,965.515086,5
965.519909,HMDB0009991,"PIP(18:2(9Z,12Z)/20:3(5Z,8Z,11Z))",C00626,C47H82O16P2,964.5078096,M+H,+,965.515086,5
965.519909,HMDB0009981,"PIP(18:1(9Z)/20:4(8Z,11Z,14Z,17Z))",C00626,C47H82O16P2,964.5078096,M+H,+,965.515086,5
965.519909,HMDB0009980,"PIP(18:1(9Z)/20:4(5Z,8Z,11Z,14Z))",C00626,C47H82O16P2,964.5078096,M+H,+,965.515086,5
965.519909,HMDB0009968,"PIP(18:1(11Z)/20:4(8Z,11Z,14Z,17Z))",C00626,C47H82O16P2,964.5078096,M+H,+,965.515086,5
965.519909,HMDB0009967,"PIP(18:1(11Z)/20:4(5Z,8Z,11Z,14Z))",C00626,C47H82O16P2,964.5078096,M+H,+,965.515086,5
965.519909,HMDB0009945,"PIP(16:2(9Z,12Z)/22:3(10Z,13Z,16Z))",C00626,C47H82O16P2,964.5078096,M+H,+,965.515086,5
965.519909,HMDB0009938,"PIP(16:0/22:5(7Z,10Z,13Z,16Z,19Z))",C00626,C47H82O16P2,964.5078096,M+H,+,965.515086,5
965.519909,HMDB0010029,"PIP(22:5(4Z,7Z,10Z,13Z,16Z)/16:0)",C00626,C47H82O16P2,964.5078096,M+H,+,965.515086,5
341.1843503,HMDB0040799,11-Hydroxytubotaiwine,n/a,C20H24N2O3,340.178692644,M+H,+,341.185969,5
341.1843503,HMDB0001091,3-Hydroxyquinine,C07344,C20H24N2O3,340.178692644,M+H,+,341.185969,5
220.1201024,HMDB0012204,Cis-zeatin,C00371,C10H13N5O,219.112010063,M+H,+,220.119286,4
220.1201024,HMDB0000210,Pantothenic acid,C00864,C9H17NO5,219.110672659,M+H,+,220.117949,10
220.1201024,HMDB0062717,Pantothenic acid,C00864,C9H17NO5,219.110672659,M+H,+,220.117949,10
655.3898939,HMDB0012187,All-trans-heptaprenyl diphosphate,C04216,C35H60O7P2,654.381427298,M+H,+,655.388703,2
527.3330122,HMDB0035386,Sterebin G,n/a,C32H46O6,526.329439204,M+H,+,527.336715,7
527.3330122,HMDB0035387,"(+)-1,18-Nonacosanediol",n/a,C32H46O6,526.329439204,M+H,+,527.336715,7
158.1171157,HMDB0014447,Tranexamic Acid,C12535,C8H15NO2,157.110278729,M+H,+,158.117555,3
158.1171157,HMDB0033433,(S)-Homostachydrine,C08283,C8H15NO2,157.110278729,M+H,+,158.117555,3
258.2064964,HMDB0013272,N-Lauroylglycine,n/a,C14H27NO3,257.199093735,M+H,+,258.20637,0
118.0859285,HMDB0000883,L-Valine,C00183,C5H11NO2,117.078978601,M+H,+,118.086255,3
118.0859285,HMDB0061966,1-nitropentane,n/a,C5H11NO2,117.078978598,M+H,+,118.086255,3
118.0859285,HMDB0062141,"N,N-Dimethyl-L-Alanine",n/a,C5H11NO2,117.078978601,M+H,+,118.086255,3
118.0859285,HMDB0015550,Amyl Nitrite,C07457,C5H11NO2,117.078978601,M+H,+,118.086255,3
118.0859285,HMDB0000043,Betaine,C00719,C5H11NO2,117.078978601,M+H,+,118.086255,3
118.0859285,HMDB0001382,Vaporole,C07457,C5H11NO2,117.078978601,M+H,+,118.086255,3
118.0859285,HMDB0002141,N-Methyl-a-aminoisobutyric acid,n/a,C5H11NO2,117.078978601,M+H,+,118.086255,3
118.0859285,HMDB0003355,5-Aminopentanoic acid,C00431,C5H11NO2,117.078978601,M+H,+,118.086255,3
118.0859285,HMDB0013716,Norvaline,C01799,C5H11NO2,117.078978601,M+H,+,118.086255,3
118.0859285,HMDB0059606,"N,N,N-trimethylglycinium",n/a,C5H12NO2,118.086803633,M+H,+,118.086804,7
144.1014484,HMDB0004827,Proline betaine,C10172,C7H13NO2,143.094628665,M+H,+,144.101905,3
144.1014484,HMDB0038949,"3beta,6beta-Dihydroxynortropane",n/a,C7H13NO2,143.094628665,M+H,+,144.101905,3
144.1014484,HMDB0030410,L-2-Amino-3-methylenehexanoic acid,n/a,C7H13NO2,143.094628665,M+H,+,144.101905,3
209.1280991,HMDB0015217,Pilocarpine,C07474,C11H16N2O2,208.121177766,M+H,+,209.128454,2
209.1280991,HMDB0060813,Descarbonyl-lacosamide,n/a,C11H16N2O2,208.121177766,M+H,+,209.128454,2
288.2529051,HMDB0032358,Lauroyl diethanolamide,n/a,C16H33NO3,287.246043927,M+H,+,288.25332,1
130.0858767,HMDB0094697,piperidine-1-carboxylic acid,n/a,C6H11NO2,129.078978598,M+H,+,130.086255,3
130.0858767,HMDB0029444,2-Pyrrolidineacetic acid,n/a,C6H11NO2,129.078978601,M+H,+,130.086255,3
130.0858767,HMDB0029435,L-trans-4-Methyl-2-pyrrolidinecarboxylic acid,n/a,C6H11NO2,129.078978601,M+H,+,130.086255,3
130.0858767,HMDB0005960,D-Pipecolic acid,n/a,C6H11NO2,129.078978601,M+H,+,130.086255,3
130.0858767,HMDB0004226,N4-Acetylaminobutanal,C05936,C6H11NO2,129.078978601,M+H,+,130.086255,3
130.0858767,HMDB0000716,L-Pipecolic acid,C00408,C6H11NO2,129.078978601,M+H,+,130.086255,3
130.0858767,HMDB0000070,Pipecolic acid,C00408,C6H11NO2,129.078978601,M+H,+,130.086255,3
130.0858767,HMDB0062767,Pipecolic acid,C00408,C6H11NO2,129.078978601,M+H,+,130.086255,3
130.0858767,HMDB0062225,(2E)-Decenoyl-ACP,C03969,C6H11NO2,129.078978601,M+H,+,130.086255,3
130.0858767,HMDB0059649,3-Acetamidobutanal,n/a,C6H11NO2,129.078978601,M+H,+,130.086255,3
130.0858767,HMDB0094696,N-Methyl-L-proline,n/a,C6H11NO2,129.078978601,M+H,+,130.086255,3
130.0858767,HMDB0015212,Vigabatrin,C07500,C6H11NO2,129.078978601,M+H,+,130.086255,3
142.0857114,HMDB0014731,Ethosuximide,C07505,C7H11NO2,141.078978601,M+H,+,142.086255,4
142.0857114,HMDB0181155,"1-(3,4-dihydro-2H-pyrrol-5-yl)-2-hydroxypropan-1-one",n/a,C7H11NO2,141.078978598,M+H,+,142.086255,4
142.0857114,HMDB0181156,"1-(3,4-dihydro-2H-pyrrol-5-yl)-3-hydroxypropan-1-one",n/a,C7H11NO2,141.078978598,M+H,+,142.086255,4
142.0857114,HMDB0029427,L-Hypoglycin A,C08287,C7H11NO2,141.078978601,M+H,+,142.086255,4
142.0857114,HMDB0030352,Arecaidine,C10128,C7H11NO2,141.078978601,M+H,+,142.086255,4
160.1326317,HMDB0014375,Pregabalin,n/a,C8H17NO2,159.125928793,M+H,+,160.133205,4
160.1326317,HMDB0000991,DL-2-Aminooctanoic acid,n/a,C8H17NO2,159.125928793,M+H,+,160.133205,4
160.1326317,HMDB0240571,Valine betaine,n/a,C8H18NO2,160.133205244,M+H,+,160.133205,4
160.1326317,HMDB0013305,Propionylcholine,n/a,C8H18NO2,160.133753825,M+H,+,160.133754,7
160.1326317,HMDB0015654,Methacholine,C07471,C8H18NO2,160.133753825,M+H,+,160.133754,7
174.1480962,HMDB0013223,Butyrylcholine,n/a,C9H20NO2,174.149403889,M+H,+,174.149404,8
174.1480962,HMDB0029936,"(2S,4R,5S)-Muscarine",C07473,C9H20NO2,174.149403889,M+H,+,174.149404,8
200.1636772,HMDB0062669,11-nitro-1-undecene,n/a,C11H21NO2,199.15722892,M+H,+,200.164505,4
200.1636772,HMDB0013162,2-Hexenoylcholine,n/a,C11H22NO2,200.165053953,M+H,+,200.165054,7
213.1270792,HMDB0035736,"11,12-Dihydrolactaroviolin",n/a,C15H16O,212.120115134,M+H,+,213.127391,1
213.1270792,HMDB0135216,"1,3-diphenylpropan-1-ol",n/a,C15H16O,212.120115135,M+H,+,213.127391,1
213.1270792,HMDB0135544,"1,3-diphenylpropan-2-ol",n/a,C15H16O,212.120115135,M+H,+,213.127391,1
213.1270792,HMDB0135578,2-(3-phenylpropyl)phenol,n/a,C15H16O,212.120115135,M+H,+,213.127391,1
213.1270792,HMDB0135580,4-(3-phenylpropyl)phenol,n/a,C15H16O,212.120115135,M+H,+,213.127391,1
213.1270792,HMDB0135579,3-(3-phenylpropyl)phenol,n/a,C15H16O,212.120115135,M+H,+,213.127391,1
213.1270792,HMDB0041460,Deterrol,n/a,C15H16O,212.120115134,M+H,+,213.127391,1
213.1270792,HMDB0036454,Pyrocurzerenone,n/a,C15H16O,212.120115134,M+H,+,213.127391,1
244.1532206,HMDB0002366,Tiglylcarnitine,n/a,C12H21NO4,243.14705816,M+H,+,244.154334,5
144.1013722,HMDB0004827,Proline betaine,C10172,C7H13NO2,143.094628665,M+H,+,144.101905,4
144.1013722,HMDB0038949,"3beta,6beta-Dihydroxynortropane",n/a,C7H13NO2,143.094628665,M+H,+,144.101905,4
144.1013722,HMDB0030410,L-2-Amino-3-methylenehexanoic acid,n/a,C7H13NO2,143.094628665,M+H,+,144.101905,4
671.4208649,HMDB0176779,"3,4,5-trihydroxy-6-({1-[(octadecanoyloxy)methyl]-7-(prop-1-en-2-yl)azulen-4-yl}methoxy)oxane-2-carboxylic acid",n/a,C39H58O9,670.408083448,M+H,+,671.415359,8
671.4208649,HMDB0176783,"3,4,5-trihydroxy-6-[(18-{[4-methyl-7-(prop-1-en-2-yl)azulen-1-yl]methoxy}-18-oxooctadecan-2-yl)oxy]oxane-2-carboxylic acid",n/a,C39H58O9,670.408083448,M+H,+,671.415359,8
671.4208649,HMDB0176781,"3,4,5-trihydroxy-6-[(2-{8-methyl-3-[(octadecanoyloxy)methyl]azulen-5-yl}prop-2-en-1-yl)oxy]oxane-2-carboxylic acid",n/a,C39H58O9,670.408083448,M+H,+,671.415359,8
671.4208649,HMDB0176786,"3,4,5-trihydroxy-6-[(18-{[4-methyl-7-(prop-1-en-2-yl)azulen-1-yl]methoxy}-18-oxooctadecyl)oxy]oxane-2-carboxylic acid",n/a,C39H58O9,670.408083448,M+H,+,671.415359,8
671.4208649,HMDB0176788,"3,4,5-trihydroxy-6-[(1-{[4-methyl-7-(prop-1-en-2-yl)azulen-1-yl]methoxy}-1-oxooctadecan-2-yl)oxy]oxane-2-carboxylic acid",n/a,C39H58O9,670.408083448,M+H,+,671.415359,8
483.4356985,HMDB0038961,N-[2-(1H-Indol-3-yl)ethyl]docosanamide,n/a,C32H54N2O,482.42361436,M+H,+,483.43089,10
174.1479623,HMDB0013223,Butyrylcholine,n/a,C9H20NO2,174.149403889,M+H,+,174.149404,8
174.1479623,HMDB0029936,"(2S,4R,5S)-Muscarine",C07473,C9H20NO2,174.149403889,M+H,+,174.149404,8
933.5343073,HMDB0035363,Notoginsenoside R1,n/a,C47H80O18,932.534465756,M+H,+,933.541742,8
933.5343073,HMDB0179673,"2-({2-[(2-{[14-(1,2-dihydroxy-6-methylhept-5-en-2-yl)-16-hydroxy-2,6,6,10,11-pentamethyltetracyclo[8.7.0.0²,⁷.0¹¹,¹⁵]heptadecan-5-yl]oxy}-4,5-dihydroxy-6-(hydroxymethyl)oxan-3-yl)oxy]-4,5-dihydroxy-6-(hydroxymethyl)oxan-3-yl}oxy)oxane-3,4,5-triol",n/a,C47H80O18,932.534465736,M+H,+,933.541742,8
497.4513887,HMDB0040818,Nb-Tricosanoyltryptamine,n/a,C33H56N2O,496.439264424,M+H,+,497.44654,10
368.3495778,HMDB0240596,oleoylcholine,n/a,C23H46NO2,368.352306145,M+H,+,368.352306,7
223.1445812,HMDB0015472,Neostigmine,C07258,C12H19N2O2,223.144652862,M+H,+,223.144653,0
223.1445812,HMDB0060678,3-Hydroxymonoethylglycinexylidide,C16572,C12H18N2O2,222.13682783,M+H,+,223.144104,2
223.1445812,HMDB0139893,N-(3-aminopropyl)-3-(4-hydroxyphenyl)propanimidic acid,n/a,C12H18N2O2,222.136827828,M+H,+,223.144104,2
799.4771592,HMDB0040655,Mabioside D,n/a,C42H70O14,798.476556948,M+H,+,799.483833,8
799.4771592,HMDB0173530,"6-(16-hydroxy-2,6,6,10,11-pentamethyl-5-{[3,4,5-trihydroxy-6-(hydroxymethyl)oxan-2-yl]oxy}tetracyclo[8.7.0.0²,⁷.0¹¹,¹⁵]heptadecan-14-yl)-2-methyl-6-{[3,4,5-trihydroxy-6-(hydroxymethyl)oxan-2-yl]oxy}hept-1-en-3-one",n/a,C42H70O14,798.476556934,M+H,+,799.483833,8
799.4771592,HMDB0173531,"6-(5-{[4,5-dihydroxy-6-(hydroxymethyl)-3-{[3,4,5-trihydroxy-6-(hydroxymethyl)oxan-2-yl]oxy}oxan-2-yl]oxy}-16-hydroxy-2,6,6,10,11-pentamethyltetracyclo[8.7.0.0²,⁷.0¹¹,¹⁵]heptadecan-14-yl)-6-hydroxy-2-methylhept-1-en-3-one",n/a,C42H70O14,798.476556934,M+H,+,799.483833,8
412.3768237,HMDB0013314,Tricosanoylglycine,n/a,C25H49NO3,411.371244439,M+H,+,412.37852,4
452.3535421,HMDB0160167,"[(1S,2S,10R,11S,15R)-14-(5,6-dihydroxy-6-methylheptan-2-yl)-5,16-dihydroxy-2,15-dimethyltetracyclo[8.7.0.0²,⁷.0¹¹,¹⁵]heptadecan-9-yl]oxidanyl",n/a,C27H47O5,451.342349613,M+H,+,452.349626,9
452.3535421,HMDB0159796,"[(2S,15R)-14-(6,7-dihydroxy-6-methylheptan-2-yl)-5,16-dihydroxy-2,15-dimethyltetracyclo[8.7.0.0²,⁷.0¹¹,¹⁵]heptadecan-9-yl]oxidanyl",n/a,C27H47O5,451.342349613,M+H,+,452.349626,9
452.3535421,HMDB0159795,"[(2S,15S)-14-(2,6-dihydroxy-6-methylheptan-2-yl)-5,16-dihydroxy-2,15-dimethyltetracyclo[8.7.0.0²,⁷.0¹¹,¹⁵]heptadecan-9-yl]oxidanyl",n/a,C27H47O5,451.342349613,M+H,+,452.349626,9
452.3535421,HMDB0159794,"[(2S,15R)-5,16-dihydroxy-14-(6-hydroxy-6-methylheptan-2-yl)-15-(hydroxymethyl)-2-methyltetracyclo[8.7.0.0²,⁷.0¹¹,¹⁵]heptadecan-9-yl]oxidanyl",n/a,C27H47O5,451.342349613,M+H,+,452.349626,9
452.3535421,HMDB0159793,"[(2R,15R)-5,16-dihydroxy-14-(6-hydroxy-6-methylheptan-2-yl)-2-(hydroxymethyl)-15-methyltetracyclo[8.7.0.0²,⁷.0¹¹,¹⁵]heptadecan-9-yl]oxidanyl",n/a,C27H47O5,451.342349613,M+H,+,452.349626,9
452.3535421,HMDB0159792,"[(2S,15R)-14-(1,6-dihydroxy-6-methylheptan-2-yl)-5,16-dihydroxy-2,15-dimethyltetracyclo[8.7.0.0²,⁷.0¹¹,¹⁵]heptadecan-9-yl]oxidanyl",n/a,C27H47O5,451.342349613,M+H,+,452.349626,9
452.3535421,HMDB0159790,"[(2R,15R)-5,8,16-trihydroxy-14-(6-hydroxy-6-methylheptan-2-yl)-2,15-dimethyltetracyclo[8.7.0.0²,⁷.0¹¹,¹⁵]heptadecan-9-yl]oxidanyl",n/a,C27H47O5,451.342349613,M+H,+,452.349626,9
452.3535421,HMDB0159791,"[(2S,15S)-5,13,16-trihydroxy-14-(6-hydroxy-6-methylheptan-2-yl)-2,15-dimethyltetracyclo[8.7.0.0²,⁷.0¹¹,¹⁵]heptadecan-9-yl]oxidanyl",n/a,C27H47O5,451.342349613,M+H,+,452.349626,9
452.3535421,HMDB0159399,"[(1S,2S,7R,10R,15R)-14-(4,6-dihydroxy-6-methylheptan-2-yl)-5,16-dihydroxy-2,15-dimethyltetracyclo[8.7.0.0²,⁷.0¹¹,¹⁵]heptadecan-9-yl]oxidanyl",n/a,C27H47O5,451.342349613,M+H,+,452.349626,9
452.3535421,HMDB0160277,"[(1S,2S,7S,10R,11S,15R)-14-(4,6-dihydroxy-6-methylheptan-2-yl)-5,16-dihydroxy-2,15-dimethyltetracyclo[8.7.0.0²,⁷.0¹¹,¹⁵]heptadecan-9-yl]oxidanyl",n/a,C27H47O5,451.342349613,M+H,+,452.349626,9
803.5541823,HMDB0115293,"PA(22:1(13Z)/22:6(4Z,7Z,10Z,13Z,16Z,19Z))",n/a,C47H79O8P,802.551256502,M+H,+,803.558533,5
803.5541823,HMDB0115318,"PA(22:2(13Z,16Z)/22:5(4Z,7Z,10Z,13Z,16Z))",n/a,C47H79O8P,802.551256502,M+H,+,803.558533,5
803.5541823,HMDB0115319,"PA(22:2(13Z,16Z)/22:5(7Z,10Z,13Z,16Z,19Z))",n/a,C47H79O8P,802.551256502,M+H,+,803.558533,5
803.5541823,HMDB0115369,"PA(22:5(4Z,7Z,10Z,13Z,16Z)/22:2(13Z,16Z))",n/a,C47H79O8P,802.551256502,M+H,+,803.558533,5
803.5541823,HMDB0115394,"PA(22:5(7Z,10Z,13Z,16Z,19Z)/22:2(13Z,16Z))",n/a,C47H79O8P,802.551256502,M+H,+,803.558533,5
803.5541823,HMDB0115420,"PA(22:6(4Z,7Z,10Z,13Z,16Z,19Z)/22:1(13Z))",n/a,C47H79O8P,802.551256502,M+H,+,803.558533,5
728.5891848,HMDB0010705,CerP(d18:1/24:1(15Z)),n/a,C42H82NO6P,727.587975873,M+H,+,728.595252,8
728.5891848,HMDB0011331,"(2R)-2-[(1Z)-hexadec-1-en-1-yloxy]-3-[(1Z,9Z)-octadeca-1,9-dien-1-yloxy]propyl 2-(trimethylazaniumyl)ethyl phosphate",n/a,C42H82NO6P,727.587976362,M+H,+,728.595252,8
728.5891848,HMDB0011298,PC(P-18:1(11Z)/P-16:0),n/a,C42H82NO6P,727.587976362,M+H,+,728.595252,8
728.5891848,HMDB0011234,"(2R)-3-[(1Z)-hexadec-1-en-1-yloxy]-2-[(1Z,11Z)-octadeca-1,11-dien-1-yloxy]propyl 2-(trimethylazaniumyl)ethyl phosphate",n/a,C42H82NO6P,727.587976362,M+H,+,728.595252,8
728.5891848,HMDB0011235,PC(P-16:0/P-18:1(9Z)),n/a,C42H82NO6P,727.587976362,M+H,+,728.595252,8
754.4583425,HMDB0112679,"PS(20:5(5Z,8Z,11Z,14Z,17Z)/14:0)",n/a,C40H68NO10P,753.458084392,M+H,+,754.46536,9
754.4583425,HMDB0112655,"PS(20:4(8Z,11Z,14Z,17Z)/14:1(9Z))",n/a,C40H68NO10P,753.458084392,M+H,+,754.46536,9
754.4583425,HMDB0112489,"PS(18:4(6Z,9Z,12Z,15Z)/16:1(9Z))",n/a,C40H68NO10P,753.458084392,M+H,+,754.46536,9
754.4583425,HMDB0112359,"PS(16:1(9Z)/18:4(6Z,9Z,12Z,15Z))",n/a,C40H68NO10P,753.458084392,M+H,+,754.46536,9
754.4583425,HMDB0112312,"PS(14:1(9Z)/20:4(8Z,11Z,14Z,17Z))",n/a,C40H68NO10P,753.458084392,M+H,+,754.46536,9
754.4583425,HMDB0112299,"PS(14:0/20:5(5Z,8Z,11Z,14Z,17Z))",n/a,C40H68NO10P,753.458084392,M+H,+,754.46536,9
754.4583425,HMDB0012430,"PS(20:4(5Z,8Z,11Z,14Z)/14:1(9Z))",n/a,C40H68NO10P,753.458083913,M+H,+,754.46536,9
754.4583425,HMDB0012350,"PS(14:1(9Z)/20:4(5Z,8Z,11Z,14Z))",n/a,C40H68NO10P,753.458083913,M+H,+,754.46536,9
444.3672549,HMDB0013154,12-Hydroxy-12-octadecanoylcarnitine,n/a,C25H49NO5,443.361073683,M+H,+,444.36835,2
535.5043352,HMDB0041023,Reticulatamol,n/a,C35H66O3,534.501195978,M+H,+,535.508472,8
366.3365129,HMDB0013213,Alpha-Linoleoylcholine,n/a,C23H44NO2,366.337204657,M+H,+,366.337205,2
765.1804279,HMDB0147123,"(2E)-5,6-dihydroxy-2-({2,3,4-trihydroxy-5-[(2E)-3-(4-hydroxyphenyl)prop-2-enoyl]-6-oxo-3-[3,4,5-trihydroxy-6-(hydroxymethyl)oxan-2-yl]cyclohexa-1,4-dien-1-yl}methylidene)-6-[3,4,5-trihydroxy-6-(hydroxymethyl)oxan-2-yl]cyclohex-4-ene-1,3-dione",n/a,C34H36O20,764.179993559,M+H,+,765.18727,9
765.1804279,HMDB0147124,"(2E)-5,6-dihydroxy-4-[(2E)-3-(4-hydroxyphenyl)prop-2-enoyl]-6-[3,4,5-trihydroxy-6-(hydroxymethyl)oxan-2-yl]-2-({2,3,4-trihydroxy-6-oxo-3-[3,4,5-trihydroxy-6-(hydroxymethyl)oxan-2-yl]cyclohexa-1,4-dien-1-yl}methylidene)cyclohex-4-ene-1,3-dione",n/a,C34H36O20,764.179993559,M+H,+,765.18727,9
765.1804279,HMDB0147135,"(2E)-2-({2,3-dihydroxy-4,6-dioxo-3-[3,4,5-trihydroxy-6-(hydroxymethyl)oxan-2-yl]cyclohex-1-en-1-yl}methylidene)-5,6-dihydroxy-4-[(2E)-3-(4-hydroxyphenyl)prop-2-enoyl]-6-[3,4,5-trihydroxy-6-(hydroxymethyl)oxan-2-yl]cyclohex-4-ene-1,3-dione",n/a,C34H36O20,764.179993559,M+H,+,765.18727,9
765.1804279,HMDB0147138,"(6E)-2-hydroxy-4-[(2E)-3-(4-hydroxyphenyl)prop-2-enoyl]-2-[3,4,5-trihydroxy-6-(hydroxymethyl)oxan-2-yl]-6-({2,3,4-trihydroxy-6-oxo-3-[3,4,5-trihydroxy-6-(hydroxymethyl)oxan-2-yl]cyclohexa-1,4-dien-1-yl}methylidene)cyclohexane-1,3,5-trione",n/a,C34H36O20,764.179993559,M+H,+,765.18727,9
765.1804279,HMDB0147136,"4-{[(1E)-4,5-dihydroxy-2,6-dioxo-5-[3,4,5-trihydroxy-6-(hydroxymethyl)oxan-2-yl]cyclohex-3-en-1-ylidene]methyl}-5,6-dihydroxy-2-[(2E)-3-(4-hydroxyphenyl)prop-2-enoyl]-6-[3,4,5-trihydroxy-6-(hydroxymethyl)oxan-2-yl]cyclohex-4-ene-1,3-dione",n/a,C34H36O20,764.179993559,M+H,+,765.18727,9
765.1804279,HMDB0147137,"(4E)-2-hydroxy-4-({2,3,4-trihydroxy-5-[(2E)-3-(4-hydroxyphenyl)prop-2-enoyl]-6-oxo-3-[3,4,5-trihydroxy-6-(hydroxymethyl)oxan-2-yl]cyclohexa-1,4-dien-1-yl}methylidene)-2-[3,4,5-trihydroxy-6-(hydroxymethyl)oxan-2-yl]cyclohexane-1,3,5-trione",n/a,C34H36O20,764.179993559,M+H,+,765.18727,9
765.1804279,HMDB0147139,"2-{[(1E)-4,5-dihydroxy-2,6-dioxo-5-[3,4,5-trihydroxy-6-(hydroxymethyl)oxan-2-yl]cyclohex-3-en-1-ylidene]methyl}-5,6-dihydroxy-4-[(2E)-3-(4-hydroxyphenyl)prop-2-enoyl]-6-[3,4,5-trihydroxy-6-(hydroxymethyl)oxan-2-yl]cyclohex-4-ene-1,3-dione",n/a,C34H36O20,764.179993559,M+H,+,765.18727,9
765.1804279,HMDB0147140,"(2E)-2-({4,5-dihydroxy-2,6-dioxo-5-[3,4,5-trihydroxy-6-(hydroxymethyl)oxan-2-yl]cyclohex-3-en-1-yl}methylidene)-5,6-dihydroxy-4-[(2E)-3-(4-hydroxyphenyl)prop-2-enoyl]-6-[3,4,5-trihydroxy-6-(hydroxymethyl)oxan-2-yl]cyclohex-4-ene-1,3-dione",n/a,C34H36O20,764.179993559,M+H,+,765.18727,9
831.5876741,HMDB0115427,"PA(22:6(4Z,7Z,10Z,13Z,16Z,19Z)/24:1(15Z))",n/a,C49H83O8P,830.582556631,M+H,+,831.589833,3
831.5876741,HMDB0115479,"PA(24:1(15Z)/22:6(4Z,7Z,10Z,13Z,16Z,19Z))",n/a,C49H83O8P,830.582556631,M+H,+,831.589833,3
783.5846573,HMDB0115592,"PA(22:1(13Z)/20:2(11Z,14Z))",n/a,C45H83O8P,782.582556631,M+H,+,783.589833,7
783.5846573,HMDB0115590,"PA(22:0/20:3(8Z,11Z,14Z))",n/a,C45H83O8P,782.582556631,M+H,+,783.589833,7
783.5846573,HMDB0115578,"PA(20:3(8Z,11Z,14Z)/22:0)",n/a,C45H83O8P,782.582556631,M+H,+,783.589833,7
783.5846573,HMDB0115552,"PA(20:2(11Z,14Z)/22:1(13Z))",n/a,C45H83O8P,782.582556631,M+H,+,783.589833,7
783.5846573,HMDB0115463,"PA(24:1(15Z)/18:2(9Z,12Z))",n/a,C45H83O8P,782.582556631,M+H,+,783.589833,7
783.5846573,HMDB0115437,"PA(24:0/18:3(6Z,9Z,12Z))",n/a,C45H83O8P,782.582556631,M+H,+,783.589833,7
783.5846573,HMDB0115438,"PA(24:0/18:3(9Z,12Z,15Z))",n/a,C45H83O8P,782.582556631,M+H,+,783.589833,7
783.5846573,HMDB0115309,"PA(22:2(13Z,16Z)/20:1(11Z))",n/a,C45H83O8P,782.582556631,M+H,+,783.589833,7
783.5846573,HMDB0115255,"PA(22:0/20:3(5Z,8Z,11Z))",n/a,C45H83O8P,782.582556631,M+H,+,783.589833,7
783.5846573,HMDB0115136,"PA(20:3(5Z,8Z,11Z)/22:0)",n/a,C45H83O8P,782.582556631,M+H,+,783.589833,7
783.5846573,HMDB0115111,"PA(20:1(11Z)/22:2(13Z,16Z))",n/a,C45H83O8P,782.582556631,M+H,+,783.589833,7
783.5846573,HMDB0115025,"PA(18:3(9Z,12Z,15Z)/24:0)",n/a,C45H83O8P,782.582556631,M+H,+,783.589833,7
783.5846573,HMDB0114998,"PA(18:3(6Z,9Z,12Z)/24:0)",n/a,C45H83O8P,782.582556631,M+H,+,783.589833,7
783.5846573,HMDB0114972,"PA(18:2(9Z,12Z)/24:1(15Z))",n/a,C45H83O8P,782.582556631,M+H,+,783.589833,7
1569.167924,HMDB0041119,Camelliatannin H,n/a,C68H48O44,1568.151844904,M+H,+,1569.159121,6
1569.167924,HMDB0039257,Sanguiin H3,n/a,C68H48O44,1568.151844904,M+H,+,1569.159121,6
1569.167924,HMDB0039199,Camelliin A,n/a,C68H48O44,1568.151844904,M+H,+,1569.159121,6
1569.167924,HMDB0039256,Sanguiin H10,n/a,C68H48O44,1568.151844904,M+H,+,1569.159121,6
833.6015973,HMDB0115375,"PA(22:5(4Z,7Z,10Z,13Z,16Z)/24:1(15Z))",n/a,C49H85O8P,832.598206695,M+H,+,833.605483,5
833.6015973,HMDB0115400,"PA(22:5(7Z,10Z,13Z,16Z,19Z)/24:1(15Z))",n/a,C49H85O8P,832.598206695,M+H,+,833.605483,5
833.6015973,HMDB0115426,"PA(22:6(4Z,7Z,10Z,13Z,16Z,19Z)/24:0)",n/a,C49H85O8P,832.598206695,M+H,+,833.605483,5
833.6015973,HMDB0115452,"PA(24:0/22:6(4Z,7Z,10Z,13Z,16Z,19Z))",n/a,C49H85O8P,832.598206695,M+H,+,833.605483,5
833.6015973,HMDB0115477,"PA(24:1(15Z)/22:5(4Z,7Z,10Z,13Z,16Z))",n/a,C49H85O8P,832.598206695,M+H,+,833.605483,5
833.6015973,HMDB0115478,"PA(24:1(15Z)/22:5(7Z,10Z,13Z,16Z,19Z))",n/a,C49H85O8P,832.598206695,M+H,+,833.605483,5
535.503981,HMDB0041023,Reticulatamol,n/a,C35H66O3,534.501195978,M+H,+,535.508472,8
757.6227845,HMDB0240610,N-(11Z-icosenoyl)-sphingosine-1-phosphocholine,n/a,C43H85N2O6P,756.614525463,M+H,+,757.621801,1
757.6227845,HMDB0240632,Sm(d18:2/20:0),n/a,C43H85N2O6P,756.614525463,M+H,+,757.621801,1
382.1677629,HMDB0015107,Azelastine,C07768,C22H24ClN3O,381.160790112,M+H,+,382.168066,1
382.1677629,HMDB0033965,(R)-Pantothenic acid 4'-O-b-D-glucoside,n/a,C15H27NO10,381.163496089,M+H,+,382.170772,8
865.5886722,HMDB0240667,1-stearoyl-2-oleoyl-sn-glycero-3-phospho-1D-myo-inositol,n/a,C45H85O13P,864.572779318,M+H,+,865.580055,10
783.2343387,HMDB0040541,Kaempferol 3-(2''-rhamnosyl-6''-acetylgalactoside) 7-rhamnoside,n/a,C35H42O20,782.226943784,M+H,+,783.23422,0
749.5090762,HMDB0115548,"PA(20:2(11Z,14Z)/20:4(5Z,8Z,11Z,14Z))",n/a,C43H73O8P,748.504306309,M+H,+,749.511582,3
749.5090762,HMDB0115355,"PA(22:5(4Z,7Z,10Z,13Z,16Z)/18:1(11Z))",n/a,C43H73O8P,748.504306309,M+H,+,749.511582,3
749.5090762,HMDB0115356,"PA(22:5(4Z,7Z,10Z,13Z,16Z)/18:1(9Z))",n/a,C43H73O8P,748.504306309,M+H,+,749.511582,3
749.5090762,HMDB0115381,"PA(22:5(7Z,10Z,13Z,16Z,19Z)/18:1(11Z))",n/a,C43H73O8P,748.504306309,M+H,+,749.511582,3
749.5090762,HMDB0115382,"PA(22:5(7Z,10Z,13Z,16Z,19Z)/18:1(9Z))",n/a,C43H73O8P,748.504306309,M+H,+,749.511582,3
749.5090762,HMDB0115406,"PA(22:6(4Z,7Z,10Z,13Z,16Z,19Z)/18:0)",n/a,C43H73O8P,748.504306309,M+H,+,749.511582,3
749.5090762,HMDB0115494,"PA(20:3(5Z,8Z,11Z)/20:3(8Z,11Z,14Z))",n/a,C43H73O8P,748.504306309,M+H,+,749.511582,3
749.5090762,HMDB0115497,"PA(20:3(8Z,11Z,14Z)/20:3(8Z,11Z,14Z))",n/a,C43H73O8P,748.504306309,M+H,+,749.511582,3
749.5090762,HMDB0115496,"PA(20:3(8Z,11Z,14Z)/20:3(5Z,8Z,11Z))",n/a,C43H73O8P,748.504306309,M+H,+,749.511582,3
749.5090762,HMDB0115498,"PA(20:4(5Z,8Z,11Z,14Z)/20:2(11Z,14Z))",n/a,C43H73O8P,748.504306309,M+H,+,749.511582,3
749.5090762,HMDB0115500,"PA(20:4(8Z,11Z,14Z,17Z)/20:2(11Z,14Z))",n/a,C43H73O8P,748.504306309,M+H,+,749.511582,3
749.5090762,HMDB0115549,"PA(20:2(11Z,14Z)/20:4(8Z,11Z,14Z,17Z))",n/a,C43H73O8P,748.504306309,M+H,+,749.511582,3
749.5090762,HMDB0115331,"PA(22:4(7Z,10Z,13Z,16Z)/18:2(9Z,12Z))",n/a,C43H73O8P,748.504306309,M+H,+,749.511582,3
749.5090762,HMDB0115307,"PA(22:2(13Z,16Z)/18:4(6Z,9Z,12Z,15Z))",n/a,C43H73O8P,748.504306309,M+H,+,749.511582,3
749.5090762,HMDB0115210,"PA(20:5(5Z,8Z,11Z,14Z,17Z)/20:1(11Z))",n/a,C43H73O8P,748.504306309,M+H,+,749.511582,3
749.5090762,HMDB0114893,"PA(18:0/22:6(4Z,7Z,10Z,13Z,16Z,19Z))",n/a,C43H73O8P,748.504306309,M+H,+,749.511582,3
749.5090762,HMDB0114916,"PA(18:1(11Z)/22:5(4Z,7Z,10Z,13Z,16Z))",n/a,C43H73O8P,748.504306309,M+H,+,749.511582,3
749.5090762,HMDB0114917,"PA(18:1(11Z)/22:5(7Z,10Z,13Z,16Z,19Z))",n/a,C43H73O8P,748.504306309,M+H,+,749.511582,3
749.5090762,HMDB0114942,"PA(18:1(9Z)/22:5(7Z,10Z,13Z,16Z,19Z))",n/a,C43H73O8P,748.504306309,M+H,+,749.511582,3
749.5090762,HMDB0114941,"PA(18:1(9Z)/22:5(4Z,7Z,10Z,13Z,16Z))",n/a,C43H73O8P,748.504306309,M+H,+,749.511582,3
749.5090762,HMDB0114967,"PA(18:2(9Z,12Z)/22:4(7Z,10Z,13Z,16Z))",n/a,C43H73O8P,748.504306309,M+H,+,749.511582,3
749.5090762,HMDB0115047,"PA(18:4(6Z,9Z,12Z,15Z)/22:2(13Z,16Z))",n/a,C43H73O8P,748.504306309,M+H,+,749.511582,3
749.5090762,HMDB0115108,"PA(20:1(11Z)/20:5(5Z,8Z,11Z,14Z,17Z))",n/a,C43H73O8P,748.504306309,M+H,+,749.511582,3
749.5090762,HMDB0115132,"PA(20:3(5Z,8Z,11Z)/20:3(5Z,8Z,11Z))",n/a,C43H73O8P,748.504306309,M+H,+,749.511582,3
749.5090762,HMDB0001916,Azythromycin,n/a,C38H72N2O12,748.508525778,M+H,+,749.515802,9
749.5090762,HMDB0014352,Azithromycin,C06838,C38H72N2O12,748.508525778,M+H,+,749.515802,9
444.3664793,HMDB0013154,12-Hydroxy-12-octadecanoylcarnitine,n/a,C25H49NO5,443.361073683,M+H,+,444.36835,4
384.167524,HMDB0014600,Prazosin,C07368,C19H21N5O4,383.159354185,M+H,+,384.16663,2
384.167524,HMDB0038630,Niazimin,n/a,C18H25NO8,383.158016769,M+H,+,384.165293,6
847.5778148,HMDB0172146,"(2E)-3,5,7,11-tetramethylhexadec-2-en-1-yl 3-[16-ethenyl-12-formyl-11-(1-hydroxyethyl)-17,21,26-trimethyl-4-oxo-7,23,24,25-tetraazahexacyclo[18.2.1.1⁵,⁸.1¹⁰,¹³.1¹⁵,¹⁸.0²,⁶]hexacosa-1,5,8(26),9,11,13(25),14,16,18,20(23)-decaen-22-yl]propanoate",n/a,C53H70N4O5,842.53462137,M+H,+,847.571001,8
847.5778148,HMDB0172147,"(2E)-15-hydroxy-3,5,7,11-tetramethylhexadec-2-en-1-yl 3-{16-ethenyl-11-ethyl-12-formyl-17,21,26-trimethyl-4-oxo-7,23,24,25-tetraazahexacyclo[18.2.1.1⁵,⁸.1¹⁰,¹³.1¹⁵,¹⁸.0²,⁶]hexacosa-1,5,8(26),9,11,13(25),14,16,18,20(23)-decaen-22-yl}propanoate",n/a,C53H70N4O5,842.53462137,M+H,+,847.571001,8
847.5778148,HMDB0172152,"(2E)-3,5,7,11-tetramethylhexadec-2-en-1-yl 3-[16-ethenyl-11-ethyl-12-formyl-26-(hydroxymethyl)-17,21-dimethyl-4-oxo-7,23,24,25-tetraazahexacyclo[18.2.1.1⁵,⁸.1¹⁰,¹³.1¹⁵,¹⁸.0²,⁶]hexacosa-1,5,8(26),9,11,13(25),14,16,18,20(23)-decaen-22-yl]propanoate",n/a,C53H70N4O5,842.53462137,M+H,+,847.571001,8
847.5778148,HMDB0172151,"(2E)-11-hydroxy-3,5,7,11-tetramethylhexadec-2-en-1-yl 3-{16-ethenyl-11-ethyl-12-formyl-17,21,26-trimethyl-4-oxo-7,23,24,25-tetraazahexacyclo[18.2.1.1⁵,⁸.1¹⁰,¹³.1¹⁵,¹⁸.0²,⁶]hexacosa-1,5,8(26),9,11,13(25),14,16,18,20(23)-decaen-22-yl}propanoate",n/a,C53H70N4O5,842.53462137,M+H,+,847.571001,8
847.5778148,HMDB0172153,"(2E)-3,5,7,11-tetramethylhexadec-2-en-1-yl 3-[16-ethenyl-11-ethyl-12-formyl-17-(hydroxymethyl)-21,26-dimethyl-4-oxo-7,23,24,25-tetraazahexacyclo[18.2.1.1⁵,⁸.1¹⁰,¹³.1¹⁵,¹⁸.0²,⁶]hexacosa-1,5,8(26),9,11,13(25),14,16,18,20(23)-decaen-22-yl]propanoate",n/a,C53H70N4O5,842.53462137,M+H,+,847.571001,8
847.5778148,HMDB0172154,"(2E)-3,5,7,11-tetramethylhexadec-2-en-1-yl 3-[16-ethenyl-12-formyl-11-(2-hydroxyethyl)-17,21,26-trimethyl-4-oxo-7,23,24,25-tetraazahexacyclo[18.2.1.1⁵,⁸.1¹⁰,¹³.1¹⁵,¹⁸.0²,⁶]hexacosa-1,5,8(26),9,11,13(25),14,16,18,20(23)-decaen-22-yl]propanoate",n/a,C53H70N4O5,842.53462137,M+H,+,847.571001,8
847.5778148,HMDB0172158,"16-hydroxy-3,5,7,11-tetramethylhexadec-2-en-1-yl 3-{16-ethenyl-11-ethyl-12-formyl-17,21,26-trimethyl-4-oxo-7,23,24,25-tetraazahexacyclo[18.2.1.1⁵,⁸.1¹⁰,¹³.1¹⁵,¹⁸.0²,⁶]hexacosa-1,5,8(26),9,11,13(25),14,16,18,20(23)-decaen-22-yl}propanoate",n/a,C53H70N4O5,842.53462137,M+H,+,847.571001,8
847.5778148,HMDB0172165,"(2E)-3,5,7,11-tetramethylhexadec-2-en-1-yl 3-{16-ethenyl-11-ethyl-12-formyl-17,21,26-trimethyl-4-oxo-7,23,24,25-tetraazahexacyclo[18.2.1.1⁵,⁸.1¹⁰,¹³.1¹⁵,¹⁸.0²,⁶]hexacosa-1,5,8(26),9,11,13(25),14,16,18,20(23)-decaen-22-yl}-2-hydroxypropanoate",n/a,C53H70N4O5,842.53462137,M+H,+,847.571001,8
829.715697,HMDB0240674,SM(D19:0/24:1),n/a,C48H97N2O6P,828.708425849,M+H,+,829.715702,0
829.715697,HMDB0240671,N-pentacosanoylsphingosine-1-phosphocholine,n/a,C48H97N2O6P,828.708425849,M+H,+,829.715702,0
829.715697,HMDB0240673,Sm(d19:1/24:0),n/a,C48H97N2O6P,828.708425849,M+H,+,829.715702,0
829.715697,HMDB0240675,Sm(d20:1/23:0),n/a,C48H97N2O6P,828.708425849,M+H,+,829.715702,0
779.5532982,HMDB0115595,"PA(22:2(13Z,16Z)/20:3(8Z,11Z,14Z))",n/a,C45H79O8P,778.551256502,M+H,+,779.558533,7
779.5532982,HMDB0115285,"PA(22:1(13Z)/20:4(8Z,11Z,14Z,17Z))",n/a,C45H79O8P,778.551256502,M+H,+,779.558533,7
779.5532982,HMDB0115284,"PA(22:1(13Z)/20:4(5Z,8Z,11Z,14Z))",n/a,C45H79O8P,778.551256502,M+H,+,779.558533,7
779.5532982,HMDB0115310,"PA(22:2(13Z,16Z)/20:3(5Z,8Z,11Z))",n/a,C45H79O8P,778.551256502,M+H,+,779.558533,7
779.5532982,HMDB0115335,"PA(22:4(7Z,10Z,13Z,16Z)/20:1(11Z))",n/a,C45H79O8P,778.551256502,M+H,+,779.558533,7
779.5532982,HMDB0115361,"PA(22:5(4Z,7Z,10Z,13Z,16Z)/20:0)",n/a,C45H79O8P,778.551256502,M+H,+,779.558533,7
779.5532982,HMDB0116709,"PA(22:5(7Z,10Z,13Z,16Z,19Z)/20:0)",n/a,C45H79O8P,778.551256502,M+H,+,779.558533,7
779.5532982,HMDB0115466,"PA(24:1(15Z)/18:4(6Z,9Z,12Z,15Z))",n/a,C45H79O8P,778.551256502,M+H,+,779.558533,7
779.5532982,HMDB0115580,"PA(20:3(8Z,11Z,14Z)/22:2(13Z,16Z))",n/a,C45H79O8P,778.551256502,M+H,+,779.558533,7
779.5532982,HMDB0115258,"PA(22:0/20:5(5Z,8Z,11Z,14Z,17Z))",n/a,C45H79O8P,778.551256502,M+H,+,779.558533,7
779.5532982,HMDB0115215,"PA(20:5(5Z,8Z,11Z,14Z,17Z)/22:0)",n/a,C45H79O8P,778.551256502,M+H,+,779.558533,7
779.5532982,HMDB0115190,"PA(20:4(8Z,11Z,14Z,17Z)/22:1(13Z))",n/a,C45H79O8P,778.551256502,M+H,+,779.558533,7
779.5532982,HMDB0115053,"PA(18:4(6Z,9Z,12Z,15Z)/24:1(15Z))",n/a,C45H79O8P,778.551256502,M+H,+,779.558533,7
779.5532982,HMDB0115086,"PA(20:0/22:5(4Z,7Z,10Z,13Z,16Z))",n/a,C45H79O8P,778.551256502,M+H,+,779.558533,7
779.5532982,HMDB0116702,"PA(20:0/22:5(7Z,10Z,13Z,16Z,19Z))",n/a,C45H79O8P,778.551256502,M+H,+,779.558533,7
779.5532982,HMDB0115112,"PA(20:1(11Z)/22:4(7Z,10Z,13Z,16Z))",n/a,C45H79O8P,778.551256502,M+H,+,779.558533,7
779.5532982,HMDB0115138,"PA(20:3(5Z,8Z,11Z)/22:2(13Z,16Z))",n/a,C45H79O8P,778.551256502,M+H,+,779.558533,7
779.5532982,HMDB0115163,"PA(20:4(5Z,8Z,11Z,14Z)/22:1(13Z))",n/a,C45H79O8P,778.551256502,M+H,+,779.558533,7
779.5532982,HMDB0038065,"1,28-Octacosanediol diferulate",n/a,C48H74O8,778.538369344,M+H,+,779.545645,10
428.3713166,HMDB0000848,Stearoylcarnitine,n/a,C25H49NO4,427.366159062,M+H,+,428.373435,5
428.3713166,HMDB0062532,Stearoylcarnitine,n/a,C25H49NO4,427.366159062,M+H,+,428.373435,5
282.2072006,HMDB0014519,Colestipol,C06925,C11H28ClN5O,281.19823825,M+H,+,282.205514,6
208.133206,HMDB0015319,Ciclopirox,n/a,C12H17NO2,207.125928793,M+H,+,208.133205,0
208.133206,HMDB0094662,(2S)-4-methyl-2-(phenylamino)pentanoic acid,n/a,C12H17NO2,207.125928791,M+H,+,208.133205,0
208.133206,HMDB0039939,Synephrine acetonide,n/a,C12H17NO2,207.125928793,M+H,+,208.133205,0
208.133206,HMDB0029370,O-Methylcorypalline,n/a,C12H17NO2,207.125928793,M+H,+,208.133205,0
208.133206,HMDB0040010,"1-(2,3-Dihydro-6,7-dimethyl-1H-pyrrolizin-5-yl)-2-hydroxy-1-propanone",n/a,C12H17NO2,207.125928793,M+H,+,208.133205,0
208.133206,HMDB0037697,Isobutyl N-methylanthranilate,n/a,C12H17NO2,207.125928793,M+H,+,208.133205,0
208.133206,HMDB0240552,Phenylalanine betaine,n/a,C12H17NO2,207.125928791,M+H,+,208.133205,0
200.1641045,HMDB0062669,11-nitro-1-undecene,n/a,C11H21NO2,199.15722892,M+H,+,200.164505,2
200.1641045,HMDB0013162,2-Hexenoylcholine,n/a,C11H22NO2,200.165053953,M+H,+,200.165054,5
428.3723999,HMDB0000848,Stearoylcarnitine,n/a,C25H49NO4,427.366159062,M+H,+,428.373435,2
428.3723999,HMDB0062532,Stearoylcarnitine,n/a,C25H49NO4,427.366159062,M+H,+,428.373435,2
164.0921104,HMDB0011727,Bicine,n/a,C6H13NO4,163.084457909,M+H,+,164.091734,2
164.0921104,HMDB0032862,2-Amino-4-ethoxy-3-hydroxybutanoic acid,n/a,C6H13NO4,163.084457909,M+H,+,164.091734,2
164.0921104,HMDB0035359,1-Deoxynojirimycin,C16843,C6H13NO4,163.084457909,M+H,+,164.091734,2
164.0921104,HMDB0000473,6-Dimethylaminopurine,n/a,C7H9N5,163.085795313,M+H,+,164.093071,6
150.0761268,HMDB0011600,3-Methyladenine,C00913,C6H7N5,149.070145249,M+H,+,150.077421,9
150.0761268,HMDB0002099,6-Methyladenine,C08434,C6H7N5,149.070145249,M+H,+,150.077421,9
150.0761268,HMDB0011599,1-Methyladenine,C02216,C6H7N5,149.070145249,M+H,+,150.077421,9
150.0761268,HMDB0011614,7-Methyladenine,C02241,C6H7N5,149.070145249,M+H,+,150.077421,9
368.3514039,HMDB0240596,oleoylcholine,n/a,C23H46NO2,368.352306145,M+H,+,368.352306,2
525.4822009,HMDB0040820,Nb-Pentacosanoyltryptamine,n/a,C35H60N2O,524.470564552,M+H,+,525.477841,8
537.483246,HMDB0112108,9-[(9Z)-hexadecenoyloxy]octadecanoic acid,n/a,C34H64O4,536.480460541,M+H,+,537.487737,8
537.483246,HMDB0112172,6-[(9Z)-hexadec-9-enoyloxy]octadecanoic acid,n/a,C34H64O4,536.480460541,M+H,+,537.487737,8
537.483246,HMDB0112167,Fahfa(18:1(9z)/12-o-16:0),n/a,C34H64O4,536.480460541,M+H,+,537.487737,8
537.483246,HMDB0112168,Fahfa(18:1(9z)/13-o-16:0),n/a,C34H64O4,536.480460541,M+H,+,537.487737,8
537.483246,HMDB0112166,Fahfa(18:1(9z)/11-o-16:0),n/a,C34H64O4,536.480460541,M+H,+,537.487737,8
537.483246,HMDB0112165,Fahfa(18:1(9z)/10-o-16:0),n/a,C34H64O4,536.480460541,M+H,+,537.487737,8
537.483246,HMDB0112163,Fahfa(18:1(9z)/7-o-16:0),n/a,C34H64O4,536.480460541,M+H,+,537.487737,8
537.483246,HMDB0112162,Fahfa(18:1(9z)/5-o-16:0),n/a,C34H64O4,536.480460541,M+H,+,537.487737,8
537.483246,HMDB0112164,Fahfa(18:1(9z)/8-o-16:0),n/a,C34H64O4,536.480460541,M+H,+,537.487737,8
537.483246,HMDB0112117,12-[(9Z)-hexadecenoyloxy]octadecanoic acid,n/a,C34H64O4,536.480460541,M+H,+,537.487737,8
537.483246,HMDB0112139,13-[(9Z)-hexadecenoyloxy]octadecanoic acid,n/a,C34H64O4,536.480460541,M+H,+,537.487737,8
537.483246,HMDB0112138,Fahfa(16:1(9z)/11-o-18:0),n/a,C34H64O4,536.480460541,M+H,+,537.487737,8
537.483246,HMDB0112136,Fahfa(16:1(9z)/8-o-18:0),n/a,C34H64O4,536.480460541,M+H,+,537.487737,8
537.483246,HMDB0112137,Fahfa(16:1(9z)/10-o-18:0),n/a,C34H64O4,536.480460541,M+H,+,537.487737,8
537.483246,HMDB0112135,Fahfa(16:1(9z)/7-o-18:0),n/a,C34H64O4,536.480460541,M+H,+,537.487737,8
537.483246,HMDB0112134,5-[(9Z)-hexadecenoyloxy]octadecanoic acid,n/a,C34H64O4,536.480460541,M+H,+,537.487737,8
537.483246,HMDB0112122,Fahfa(18:1(9z)/9-o-16:0),n/a,C34H64O4,536.480460541,M+H,+,537.487737,8
537.483246,HMDB0112175,6-OAHPA,n/a,C34H64O4,536.480460541,M+H,+,537.487737,8
511.4671797,HMDB0014626,Gallamine Triethiodide,n/a,C30H60N3O3,510.463467801,M+H,+,511.470744,7
511.4671797,HMDB0112178,6-(hexadecanoyloxy)hexadecanoic acid,n/a,C32H62O4,510.464810476,M+H,+,511.472086,10
511.4671797,HMDB0112126,Fahfa(16:0/12-o-16:0),n/a,C32H62O4,510.464810476,M+H,+,511.472086,10
511.4671797,HMDB0112124,Fahfa(16:0/10-o-16:0),n/a,C32H62O4,510.464810476,M+H,+,511.472086,10
511.4671797,HMDB0112125,Fahfa(16:0/11-o-16:0),n/a,C32H62O4,510.464810476,M+H,+,511.472086,10
511.4671797,HMDB0112127,Fahfa(16:0/13-o-16:0),n/a,C32H62O4,510.464810476,M+H,+,511.472086,10
511.4671797,HMDB0112115,Fahfa(16:0/7-o-16:0),n/a,C32H62O4,510.464810476,M+H,+,511.472086,10
511.4671797,HMDB0112114,Fahfa(16:0/5-o-16:0),n/a,C32H62O4,510.464810476,M+H,+,511.472086,10
511.4671797,HMDB0112123,Fahfa(16:0/8-o-16:0),n/a,C32H62O4,510.464810476,M+H,+,511.472086,10
511.4671797,HMDB0112110,Fahfa(16:0/9-o-16:0),n/a,C32H62O4,510.464810476,M+H,+,511.472086,10
511.4671797,HMDB0032494,Propylene glycol mono- and diesters of fats and fatty acids,n/a,C32H62O4,510.464810472,M+H,+,511.472086,10
511.4671797,HMDB0040819,Nb-Lignoceroyltryptamine,n/a,C34H58N2O,510.454914488,M+H,+,511.46219,10
219.1505768,HMDB0002004,5-Methoxydimethyltryptamine,C08309,C13H18N2O,218.141913208,M+H,+,219.149189,6
219.1505768,HMDB0060625,N-despropyl ropinirole,n/a,C13H18N2O,218.141913208,M+H,+,219.149189,6
758.6372458,HMDB0010706,CerP(d18:1/26:0),n/a,C44H88NO6P,757.634926065,M+H,+,758.642202,7
235.144315,HMDB0139874,N-(4-aminobutyl)-3-(4-hydroxyphenyl)prop-2-enimidic acid,n/a,C13H18N2O2,234.136827828,M+H,+,235.144104,1
235.144315,HMDB0033461,4-Coumaroylputrescine,n/a,C13H18N2O2,234.13682783,M+H,+,235.144104,1
783.5025614,HMDB0184254,"6-{[(8Z,11Z)-1-{[(8E)-3,7-dimethyl-9-(2,6,6-trimethylcyclohex-1-en-1-yl)nona-2,4,6,8-tetraen-1-yl]oxy}-6-hydroxy-1-oxoicosa-8,11,14-trien-5-yl]oxy}-3,4,5-trihydroxyoxane-2-carboxylic acid",n/a,C46H70O10,782.496898454,M+H,+,783.504174,2
783.5025614,HMDB0184179,"6-{[(6Z,12Z,15Z)-20-{[(8E)-3,7-dimethyl-9-(2,6,6-trimethylcyclohex-1-en-1-yl)nona-2,4,6,8-tetraen-1-yl]oxy}-9-hydroxy-20-oxoicosa-6,12,15-trien-10-yl]oxy}-3,4,5-trihydroxyoxane-2-carboxylic acid",n/a,C46H70O10,782.496898454,M+H,+,783.504174,2
783.5025614,HMDB0183435,"6-{[(14Z)-1-{[(8E)-3,7-dimethyl-9-(2,6,6-trimethylcyclohex-1-en-1-yl)nona-2,4,6,8-tetraen-1-yl]oxy}-5-hydroxy-1-oxoicosa-8,11,14-trien-6-yl]oxy}-3,4,5-trihydroxyoxane-2-carboxylic acid",n/a,C46H70O10,782.496898454,M+H,+,783.504174,2
783.5025614,HMDB0183197,"6-{[(5Z,11Z,14Z)-1-{[(8E)-3,7-dimethyl-9-(2,6,6-trimethylcyclohex-1-en-1-yl)nona-2,4,6,8-tetraen-1-yl]oxy}-9-hydroxy-1-oxoicosa-5,11,14-trien-8-yl]oxy}-3,4,5-trihydroxyoxane-2-carboxylic acid",n/a,C46H70O10,782.496898454,M+H,+,783.504174,2
783.5025614,HMDB0183198,"6-{[(5Z,11Z)-1-{[(8E)-3,7-dimethyl-9-(2,6,6-trimethylcyclohex-1-en-1-yl)nona-2,4,6,8-tetraen-1-yl]oxy}-8-hydroxy-1-oxoicosa-5,11,14-trien-9-yl]oxy}-3,4,5-trihydroxyoxane-2-carboxylic acid",n/a,C46H70O10,782.496898454,M+H,+,783.504174,2
783.5025614,HMDB0186157,"6-{[(6Z,8E)-1-{[(8E)-3,7-dimethyl-9-(2,6,6-trimethylcyclohex-1-en-1-yl)nona-2,4,6,8-tetraen-1-yl]oxy}-1,12-dioxoicosa-6,8-dien-5-yl]oxy}-3,4,5-trihydroxyoxane-2-carboxylic acid",n/a,C46H70O10,782.496898454,M+H,+,783.504174,2
246.1685126,HMDB0000378,2-Methylbutyroylcarnitine,n/a,C12H23NO4,245.162708229,M+H,+,246.169984,6
246.1685126,HMDB0000688,Isovalerylcarnitine,n/a,C12H23NO4,245.162708229,M+H,+,246.169984,6
246.1685126,HMDB0041993,Pivaloylcarnitine,n/a,C12H23NO4,245.162708229,M+H,+,246.169984,6
246.1685126,HMDB0013128,Valerylcarnitine,n/a,C12H24NO4,246.169984677,M+H,+,246.169985,6
168.1019145,HMDB0002182,Phenylephrine,C07441,C9H13NO2,167.094628665,M+H,+,168.101905,0
168.1019145,HMDB0062811,D-synephrine,C01869,C9H13NO2,167.094628663,M+H,+,168.101905,0
168.1019145,HMDB0062266,"1-(pyridin-3-yl)butane-1,4-diol",C19582,C9H13NO2,167.094628663,M+H,+,168.101905,0
168.1019145,HMDB0014748,Metaraminol,C07146,C9H13NO2,167.094628665,M+H,+,168.101905,0
168.1019145,HMDB0015165,Ethinamate,C07832,C9H13NO2,167.094628665,M+H,+,168.101905,0
168.1019145,HMDB0000022,3-Methoxytyramine,C05587,C9H13NO2,167.094628665,M+H,+,168.101905,0
168.1019145,HMDB0004826,p-Synephrine,C04548,C9H13NO2,167.094628665,M+H,+,168.101905,0
168.1019145,HMDB0012162,4-Methoxytyramine,n/a,C9H13NO2,167.094628665,M+H,+,168.101905,0
168.1019145,HMDB0038869,Norpandamarilactonine A,n/a,C9H13NO2,167.094628665,M+H,+,168.101905,0
168.1019145,HMDB0039837,2-(2-Furanyl)-3-piperidinol,n/a,C9H13NO2,167.094628665,M+H,+,168.101905,0
168.1019145,HMDB0032020,Epinine,C07453,C9H13NO2,167.094628665,M+H,+,168.101905,0
168.1019145,HMDB0041888,Epinine,C07453,C9H13NO2,167.094628665,M+H,+,168.101905,0
168.1019145,HMDB0060592,4-Hydroxynorephedrine,n/a,C9H13NO2,167.094628665,M+H,+,168.101905,0
168.1019145,HMDB0060807,a-Methyldopamine,n/a,C9H13NO2,167.094628665,M+H,+,168.101905,0
168.1019145,HMDB0167325,SCHEMBL4258315,n/a,C9H13NO2,167.094628663,M+H,+,168.101905,0
160.0964625,HMDB0000339,2-Methylbutyrylglycine,n/a,C7H13NO3,159.089543287,M+H,+,160.096819,2
160.0964625,HMDB0000678,Isovalerylglycine,n/a,C7H13NO3,159.089543287,M+H,+,160.096819,2
160.0964625,HMDB0000927,Valerylglycine,n/a,C7H13NO3,159.089543287,M+H,+,160.096819,2
160.0964625,HMDB0012154,3-Dehydrocarnitine,C02636,C7H13NO3,159.089543287,M+H,+,160.096819,2
160.0964625,HMDB0012175,5-Acetamidovalerate,C03087,C7H13NO3,159.089543287,M+H,+,160.096819,2
160.0964625,HMDB0036384,Calystegine A7,n/a,C7H13NO3,159.089543287,M+H,+,160.096819,2
160.0964625,HMDB0029409,Turicine,n/a,C7H13NO3,159.089543287,M+H,+,160.096819,2
160.0964625,HMDB0038625,Medicanine,n/a,C7H13NO3,159.089543287,M+H,+,160.096819,2
160.0964625,HMDB0031345,Calystegine A6,n/a,C7H13NO3,159.089543287,M+H,+,160.096819,2
160.0964625,HMDB0038593,Calystegin A3,n/a,C7H13NO3,159.089543287,M+H,+,160.096819,2
160.0964625,HMDB0029412,Betonicine,C08269,C7H13NO3,159.089543287,M+H,+,160.096819,2
160.0964625,HMDB0029230,4-Hydroxystachydrine,n/a,C7H13NO3,159.089543287,M+H,+,160.096819,2
160.0964625,HMDB0061678,Methyl 5-(hydroxymethyl)pyrrolidine-3-carboxylate,n/a,C7H13NO3,159.089543287,M+H,+,160.096819,2
160.0964625,HMDB0011757,N-Acetylvaline,n/a,C7H13NO3,159.089543283,M+H,+,160.096819,2
809.4962827,HMDB0060845,N-Monodemethyl roxithromycin,n/a,C39H72N2O15,808.493269644,M+H,+,809.500546,5
196.1314254,HMDB0060953,2-hydroxymexiletine,n/a,C11H17NO2,195.125928793,M+H,+,196.133205,9
196.1314254,HMDB0060954,p-hydroxymexiletine,n/a,C11H17NO2,195.125928793,M+H,+,196.133205,9
158.1169111,HMDB0014447,Tranexamic Acid,C12535,C8H15NO2,157.110278729,M+H,+,158.117555,4
158.1169111,HMDB0033433,(S)-Homostachydrine,C08283,C8H15NO2,157.110278729,M+H,+,158.117555,4
114.0546521,HMDB0006875,1-Pyrroline-2-carboxylic acid,C03564,C5H7NO2,113.047678473,M+H,+,114.054954,3
114.0546521,HMDB0001301,1-Pyrroline-5-carboxylic acid,C04322,C5H7NO2,113.047678473,M+H,+,114.054954,3
202.1788015,HMDB0013224,Caproylcholine,n/a,C11H24NO2,202.180704017,M+H,+,202.180704,9
170.1171181,HMDB0176883,1-hydroxy-9-methyl-9-azabicyclo[3.3.1]nonan-3-one,n/a,C9H15NO2,169.110278727,M+H,+,170.117555,3
170.1171181,HMDB0176882,2-hydroxy-9-methyl-9-azabicyclo[3.3.1]nonan-3-one,n/a,C9H15NO2,169.110278727,M+H,+,170.117555,3
170.1171181,HMDB0038321,Homoarecoline,n/a,C9H15NO2,169.110278729,M+H,+,170.117555,3
170.1171181,HMDB0176884,9-methyl-9-aza-bicyclo[3.3.1]nonan-3-one-9-oxide,n/a,C9H15NO2,169.110278727,M+H,+,170.117555,3
164.0711692,HMDB0001424,4-(3-Pyridyl)-3-butenoic acid,n/a,C9H9NO2,163.063328537,M+H,+,164.070605,3
164.0711692,HMDB0004186,3-Methyldioxyindole,C05834,C9H9NO2,163.063328537,M+H,+,164.070605,3
164.0711692,HMDB0062406,4-oxo-4-(pyridin-3-yl)butanal,C19567,C9H9NO2,163.063328534,M+H,+,164.070605,3
154.0857444,HMDB0000073,Dopamine,C03758,C8H11NO2,153.078978601,M+H,+,154.086255,3
154.0857444,HMDB0060277,Dopamine,C03758,C8H11NO2,153.078978601,M+H,+,154.086255,3
154.0857444,HMDB0012309,Vanillylamine,C16666,C8H11NO2,153.078978601,M+H,+,154.086255,3
154.0857444,HMDB0004825,p-Octopamine,C04227,C8H11NO2,153.078978601,M+H,+,154.086255,3
154.0857444,HMDB0156498,p-Octopamine,C04227,C8H11NO2,153.078978601,M+H,+,154.086255,3
140.0701815,HMDB0012153,"3,4-Dihydroxybenzylamine",n/a,C7H9NO2,139.063328537,M+H,+,140.070605,3
140.0701815,HMDB0038174,"5-Acetyl-2,4-dimethyloxazole",n/a,C7H9NO2,139.063328537,M+H,+,140.070605,3
140.0701815,HMDB0033388,Ammonium benzoate,n/a,C7H9NO2,139.063328537,M+H,+,140.070605,3
140.0701815,HMDB0059856,Ethyl 2-pyrrolecarboxylate,n/a,C7H9NO2,139.063328537,M+H,+,140.070605,3
140.0701815,HMDB0185632,4-Amino-2-methoxyphenol,n/a,C7H9NO2,139.063328534,M+H,+,140.070605,3
127.06232510000001,HMDB0003192,5-Aminoimidazole-4-carboxamide,C04051,C4H6N4O,126.054160834,M+H,+,127.061437,7
127.06232510000001,HMDB0002128,"2,4-Diamino-6-hydroxypyrimidine",n/a,C4H6N4O,126.054160834,M+H,+,127.061437,7
221.1280401,HMDB0139877,(2E)-N-(3-aminopropyl)-3-(4-hydroxyphenyl)prop-2-enimidic acid,n/a,C12H16N2O2,220.121177763,M+H,+,221.128454,2
209.127863,HMDB0015217,Pilocarpine,C07474,C11H16N2O2,208.121177766,M+H,+,209.128454,3
209.127863,HMDB0060813,Descarbonyl-lacosamide,n/a,C11H16N2O2,208.121177766,M+H,+,209.128454,3
134.0807953,HMDB0031658,L-2-Amino-5-hydroxypentanoic acid,n/a,C5H11NO3,133.073893223,M+H,+,134.081169,3
134.0807953,HMDB0039499,"1,4-Dideoxy-1,4-imino-D-ribitol",n/a,C5H11NO3,133.073893223,M+H,+,134.081169,3
134.0807953,HMDB0032356,N-Lactoyl ethanolamine,n/a,C5H11NO3,133.073893223,M+H,+,134.081169,3
134.0807953,HMDB0171727,4-amino-4-methoxybutanoic acid,n/a,C5H11NO3,133.073893218,M+H,+,134.081169,3
174.148371,HMDB0013223,Butyrylcholine,n/a,C9H20NO2,174.149403889,M+H,+,174.149404,6
174.148371,HMDB0029936,"(2S,4R,5S)-Muscarine",C07473,C9H20NO2,174.149403889,M+H,+,174.149404,6
169.0987075,HMDB0001431,Pyridoxamine,C00534,C8H12N2O2,168.089877638,M+H,+,169.097154,9
169.0987075,HMDB0062696,pyridoxaminium(1+),n/a,C8H13N2O2,169.097154087,M+H,+,169.097154,9
160.1326194,HMDB0014375,Pregabalin,n/a,C8H17NO2,159.125928793,M+H,+,160.133205,4
160.1326194,HMDB0000991,DL-2-Aminooctanoic acid,n/a,C8H17NO2,159.125928793,M+H,+,160.133205,4
160.1326194,HMDB0240571,Valine betaine,n/a,C8H18NO2,160.133205244,M+H,+,160.133205,4
160.1326194,HMDB0013305,Propionylcholine,n/a,C8H18NO2,160.133753825,M+H,+,160.133754,7
160.1326194,HMDB0015654,Methacholine,C07471,C8H18NO2,160.133753825,M+H,+,160.133754,7
156.1012939,HMDB0030353,Arecoline,C10129,C8H13NO2,155.094628665,M+H,+,156.101905,4
156.1012939,HMDB0181161,"2-hydroxy-1-(1,4,5,6-tetrahydropyridin-2-yl)propan-1-one",n/a,C8H13NO2,155.094628663,M+H,+,156.101905,4
156.1012939,HMDB0062098,4-cyclopropanecarbonylmorpholine,n/a,C8H13NO2,155.094628663,M+H,+,156.101905,4
156.1012939,HMDB0181162,"3-hydroxy-1-(1,4,5,6-tetrahydropyridin-2-yl)propan-1-one",n/a,C8H13NO2,155.094628663,M+H,+,156.101905,4
947.5227871,HMDB0116799,"[(2S)-3-({[(2R)-2,3-bis(octanoyloxy)propoxy](hydroxy)phosphoryl}oxy)-2-hydroxypropoxy][(2R)-3-(octanoyloxy)-2-(undecanoyloxy)propoxy]phosphinic acid",n/a,C44H84O17P2,946.518375241,M+H,+,947.525651,3
220.1206735,HMDB0012204,Cis-zeatin,C00371,C10H13N5O,219.112010063,M+H,+,220.119286,6
275.1381041,HMDB0034885,Imazamethabenz,n/a,C15H18N2O3,274.131742452,M+H,+,275.139018,3
1027.553883,HMDB0015357,Mivacurium,C07550,C58H80N2O14,1028.560955278,M+H,+,1027.553679,0
625.3400778,HMDB0160771,"[(2S,15R)-5-[(6-carboxy-3,4,5-trihydroxyoxan-2-yl)oxy]-14-{4-[(carboxymethyl)-C-hydroxycarbonimidoyl]butan-2-yl}-2,15-dimethyltetracyclo[8.7.0.0²,⁷.0¹¹,¹⁵]heptadecan-9-yl]oxidanyl",n/a,C32H50NO11,624.338386434,M+H,+,625.345662,9
631.3901065,HMDB0035725,Ganoderic acid Mc,n/a,C36H54O9,630.376783326,M+H,+,631.384059,10
631.3901065,HMDB0182483,"3,4,5-trihydroxy-6-[(6-methyl-2-{2,6,6,11,15-pentamethyl-5-oxotetracyclo[8.7.0.0²,⁷.0¹¹,¹⁵]heptadec-1(10)-en-14-yl}hept-5-enoyl)oxy]oxane-2-carboxylic acid",n/a,C36H54O9,630.376783319,M+H,+,631.384059,10
631.3901065,HMDB0034503,"2,3,23-Triacetylsericic acid",n/a,C36H54O9,630.376783326,M+H,+,631.384059,10
631.3901065,HMDB0035336,Ganoderic acid Mb,n/a,C36H54O9,630.376783326,M+H,+,631.384059,10
631.3901065,HMDB0182490,"3,4,5-trihydroxy-6-({6-methyl-2-[(2S,11S,15S)-2,6,6,11,15-pentamethyl-5-oxotetracyclo[8.7.0.0²,⁷.0¹¹,¹⁵]heptadec-1(10)-en-14-yl]hept-5-enoyl}oxy)oxane-2-carboxylic acid",n/a,C36H54O9,630.376783319,M+H,+,631.384059,10
575.4181605,HMDB0183694,"6-[(24-carboxytetracosan-2-yl)oxy]-3,4,5-trihydroxyoxane-2-carboxylic acid",n/a,C31H58O9,574.408083448,M+H,+,575.415359,5
575.4181605,HMDB0183695,"3,4,5-trihydroxy-6-[(24-hydroxypentacosanoyl)oxy]oxane-2-carboxylic acid",n/a,C31H58O9,574.408083448,M+H,+,575.415359,5
575.4181605,HMDB0183700,"6-[(1-carboxytetracosyl)oxy]-3,4,5-trihydroxyoxane-2-carboxylic acid",n/a,C31H58O9,574.408083448,M+H,+,575.415359,5
575.4181605,HMDB0183698,"3,4,5-trihydroxy-6-[(25-hydroxypentacosanoyl)oxy]oxane-2-carboxylic acid",n/a,C31H58O9,574.408083448,M+H,+,575.415359,5
575.4181605,HMDB0183697,"6-[(24-carboxytetracosyl)oxy]-3,4,5-trihydroxyoxane-2-carboxylic acid",n/a,C31H58O9,574.408083448,M+H,+,575.415359,5
575.4181605,HMDB0183701,"3,4,5-trihydroxy-6-[(2-hydroxypentacosanoyl)oxy]oxane-2-carboxylic acid",n/a,C31H58O9,574.408083448,M+H,+,575.415359,5
185.105851,HMDB0041835,Benzidine,C16444,C12H12N2,184.100048394,M+H,+,185.107324,8
185.105851,HMDB0029834,Harmalan,n/a,C12H12N2,184.100048394,M+H,+,185.107324,8
274.2011783,HMDB0013238,Heptanoylcarnitine,n/a,C14H27NO4,273.194008357,M+H,+,274.201284,0
170.1168735,HMDB0176883,1-hydroxy-9-methyl-9-azabicyclo[3.3.1]nonan-3-one,n/a,C9H15NO2,169.110278727,M+H,+,170.117555,4
170.1168735,HMDB0176882,2-hydroxy-9-methyl-9-azabicyclo[3.3.1]nonan-3-one,n/a,C9H15NO2,169.110278727,M+H,+,170.117555,4
170.1168735,HMDB0038321,Homoarecoline,n/a,C9H15NO2,169.110278729,M+H,+,170.117555,4
170.1168735,HMDB0176884,9-methyl-9-aza-bicyclo[3.3.1]nonan-3-one-9-oxide,n/a,C9H15NO2,169.110278727,M+H,+,170.117555,4
290.1959924,HMDB0032221,"Dihydro-2,4,6-tris(2-methylpropyl)-4h-1,3,5-dithiazine",n/a,C15H31NS2,289.189791377,M+H,+,290.197067,4
641.3850752,HMDB0174694,"6-{[14-(3,4-dihydroxy-5,6-dimethylheptan-2-yl)-17-hydroxy-2,15-dimethyl-8-oxotetracyclo[8.7.0.0²,⁷.0¹¹,¹⁵]heptadecan-5-yl]oxy}-3,4,5-trihydroxyoxane-2-carboxylic acid",n/a,C34H56O11,640.382262623,M+H,+,641.389539,7
641.3850752,HMDB0173076,"6-{[14-(3,4-dihydroxy-6-methyl-5-methylideneheptan-2-yl)-4,17-dihydroxy-2,15-dimethyltetracyclo[8.7.0.0²,⁷.0¹¹,¹⁵]heptadecan-5-yl]oxy}-3,4,5-trihydroxyoxane-2-carboxylic acid",n/a,C34H56O11,640.382262623,M+H,+,641.389539,7
641.3850752,HMDB0173074,"3,4,5-trihydroxy-6-{[4-hydroxy-2,15-dimethyl-14-(1,3,4-trihydroxy-6-methyl-5-methylideneheptan-2-yl)tetracyclo[8.7.0.0²,⁷.0¹¹,¹⁵]heptadecan-5-yl]oxy}oxane-2-carboxylic acid",n/a,C34H56O11,640.382262623,M+H,+,641.389539,7
641.3850752,HMDB0174692,"6-{[2,15-dimethyl-8-oxo-14-(1,3,4-trihydroxy-5,6-dimethylheptan-2-yl)tetracyclo[8.7.0.0²,⁷.0¹¹,¹⁵]heptadecan-5-yl]oxy}-3,4,5-trihydroxyoxane-2-carboxylic acid",n/a,C34H56O11,640.382262623,M+H,+,641.389539,7
134.080771,HMDB0031658,L-2-Amino-5-hydroxypentanoic acid,n/a,C5H11NO3,133.073893223,M+H,+,134.081169,3
134.080771,HMDB0039499,"1,4-Dideoxy-1,4-imino-D-ribitol",n/a,C5H11NO3,133.073893223,M+H,+,134.081169,3
134.080771,HMDB0032356,N-Lactoyl ethanolamine,n/a,C5H11NO3,133.073893223,M+H,+,134.081169,3
134.080771,HMDB0171727,4-amino-4-methoxybutanoic acid,n/a,C5H11NO3,133.073893218,M+H,+,134.081169,3
185.1057825,HMDB0041835,Benzidine,C16444,C12H12N2,184.100048394,M+H,+,185.107324,8
185.1057825,HMDB0029834,Harmalan,n/a,C12H12N2,184.100048394,M+H,+,185.107324,8
619.3574522,HMDB0170693,"3,4,5-trihydroxy-6-{5',9,13-trimethyl-7-methylidene-1'-nitroso-5-oxaspiro[pentacyclo[10.8.0.0²,⁹.0⁴,⁸.0¹³,¹⁸]icosane-6,2'-piperidine]oxy}oxane-2-carboxylic acid",n/a,C33H50N2O9,618.351631198,M+H,+,619.358907,2
619.3574522,HMDB0170691,"3,4,5-trihydroxy-6-{7,9,13-trimethyl-5'-methylidene-1'-nitroso-5-oxaspiro[pentacyclo[10.8.0.0²,⁹.0⁴,⁸.0¹³,¹⁸]icosane-6,2'-piperidine]oxy}oxane-2-carboxylic acid",n/a,C33H50N2O9,618.351631198,M+H,+,619.358907,2
386.2871793,HMDB0013330,3-Hydroxy-cis-5-tetradecenoylcarnitine,n/a,C21H39NO5,385.28282336,M+H,+,386.290099,8
1834.976387,HMDB0011796,Ganglioside GD1a (d18:1/18:1(11Z)),n/a,C85H147N3O39,1833.961171977,M+H,+,1834.968448,4
1834.976387,HMDB0011827,Ganglioside GD1b (d18:1/18:1(9Z)),n/a,C85H147N3O39,1833.961171977,M+H,+,1834.968448,4
1834.976387,HMDB0011826,Ganglioside GD1b (d18:1/18:1(11Z)),n/a,C85H147N3O39,1833.961171977,M+H,+,1834.968448,4
1834.976387,HMDB0011797,Ganglioside GD1a (d18:1/18:1(9Z)),n/a,C85H147N3O39,1833.961171977,M+H,+,1834.968448,4
1808.957188,HMDB0011794,Ganglioside GD1a (d18:1/16:0),n/a,C83H145N3O39,1807.945521913,M+H,+,1808.952798,2
1808.957188,HMDB0011824,Ganglioside GD1b (d18:1/16:0),n/a,C83H145N3O39,1807.945521913,M+H,+,1808.952798,2
386.2880014,HMDB0013330,3-Hydroxy-cis-5-tetradecenoylcarnitine,n/a,C21H39NO5,385.28282336,M+H,+,386.290099,5
302.2320791,HMDB0006320,"2,6 Dimethylheptanoyl carnitine",n/a,C16H31NO4,301.225308485,M+H,+,302.232584,2
302.2320791,HMDB0013288,Nonanoylcarnitine,n/a,C16H31NO4,301.225308485,M+H,+,302.232584,2
200.1638772,HMDB0062669,11-nitro-1-undecene,n/a,C11H21NO2,199.15722892,M+H,+,200.164505,3
200.1638772,HMDB0013162,2-Hexenoylcholine,n/a,C11H22NO2,200.165053953,M+H,+,200.165054,6
1119.542371,HMDB0037915,Tragopogonsaponin D,n/a,C57H82O22,1118.529774308,M+H,+,1119.53705,5
611.3118205,HMDB0170705,"4-[(6,7-dimethoxy-2-methyl-1,2,3,4-tetrahydroisoquinolin-1-yl)methyl]-2-({6-methoxy-1-[(4-methoxyphenyl)methyl]-1,2,3,4-tetrahydroisoquinolin-7-yl}oxy)phenol",n/a,C37H42N2O6,610.30428708,M+H,+,611.311563,0
611.3118205,HMDB0165958,"6-methoxy-1-{[3-({6-methoxy-1-[(4-methoxyphenyl)methyl]-2-methyl-1,2,3,4-tetrahydroisoquinolin-7-yl}oxy)phenyl]methyl}-2-methyl-1,2,3,4-tetrahydroisoquinoline-1,7-diol",n/a,C37H42N2O6,610.30428708,M+H,+,611.311563,0
611.3118205,HMDB0165951,"7-{3-[(7-hydroxy-6-methoxy-2-methyl-1,2,3,4-tetrahydroisoquinolin-1-yl)methyl]phenoxy}-6-methoxy-1-[(4-methoxyphenyl)methyl]-2-methyl-1,2,3,4-tetrahydroisoquinolin-3-ol",n/a,C37H42N2O6,610.30428708,M+H,+,611.311563,0
611.3118205,HMDB0165953,"7-{3-[(7-hydroxy-6-methoxy-2-methyl-1,2,3,4-tetrahydroisoquinolin-1-yl)methyl]phenoxy}-6-methoxy-1-[(4-methoxyphenyl)methyl]-2-methyl-1,2,3,4-tetrahydroisoquinolin-4-ol",n/a,C37H42N2O6,610.30428708,M+H,+,611.311563,0
611.3118205,HMDB0165954,"6-methoxy-1-{[3-({6-methoxy-1-[(4-methoxyphenyl)methyl]-2-methyl-1,2,3,4-tetrahydroisoquinolin-7-yl}oxy)phenyl]methyl}-2-methyl-1,2,3,4-tetrahydroisoquinoline-7,8-diol",n/a,C37H42N2O6,610.30428708,M+H,+,611.311563,0
611.3118205,HMDB0165952,"6-methoxy-1-{[3-({6-methoxy-1-[(4-methoxyphenyl)methyl]-2-methyl-1,2,3,4-tetrahydroisoquinolin-7-yl}oxy)phenyl]methyl}-2-methyl-1,2,3,4-tetrahydroisoquinoline-4,7-diol",n/a,C37H42N2O6,610.30428708,M+H,+,611.311563,0
611.3118205,HMDB0165949,"1-{[3-hydroxy-5-({6-methoxy-1-[(4-methoxyphenyl)methyl]-2-methyl-1,2,3,4-tetrahydroisoquinolin-7-yl}oxy)phenyl]methyl}-6-methoxy-2-methyl-1,2,3,4-tetrahydroisoquinolin-7-ol",n/a,C37H42N2O6,610.30428708,M+H,+,611.311563,0
611.3118205,HMDB0165950,"6-methoxy-1-{[3-({6-methoxy-1-[(4-methoxyphenyl)methyl]-2-methyl-1,2,3,4-tetrahydroisoquinolin-7-yl}oxy)phenyl]methyl}-2-methyl-1,2,3,4-tetrahydroisoquinoline-3,7-diol",n/a,C37H42N2O6,610.30428708,M+H,+,611.311563,0
611.3118205,HMDB0165945,"7-hydroxy-6-methoxy-1-{[3-({6-methoxy-1-[(4-methoxyphenyl)methyl]-2-methyl-1,2,3,4-tetrahydroisoquinolin-7-yl}oxy)phenyl]methyl}-2-methyl-1,2,3,4-tetrahydro-2λ⁵-isoquinolin-2-one",n/a,C37H42N2O6,610.30428708,M+H,+,611.311563,0
611.3118205,HMDB0165955,"7-{3-[(7-hydroxy-6-methoxy-2-methyl-1,2,3,4-tetrahydroisoquinolin-1-yl)methyl]phenoxy}-6-methoxy-1-[(4-methoxyphenyl)methyl]-2-methyl-1,2,3,4-tetrahydroisoquinolin-8-ol",n/a,C37H42N2O6,610.30428708,M+H,+,611.311563,0
611.3118205,HMDB0165957,"1-{hydroxy[3-({6-methoxy-1-[(4-methoxyphenyl)methyl]-2-methyl-1,2,3,4-tetrahydroisoquinolin-7-yl}oxy)phenyl]methyl}-6-methoxy-2-methyl-1,2,3,4-tetrahydroisoquinolin-7-ol",n/a,C37H42N2O6,610.30428708,M+H,+,611.311563,0
611.3118205,HMDB0165956,"1-{[3-({1-[hydroxy(4-methoxyphenyl)methyl]-6-methoxy-2-methyl-1,2,3,4-tetrahydroisoquinolin-7-yl}oxy)phenyl]methyl}-6-methoxy-2-methyl-1,2,3,4-tetrahydroisoquinolin-7-ol",n/a,C37H42N2O6,610.30428708,M+H,+,611.311563,0
611.3118205,HMDB0170704,"4-[(6,7-dimethoxy-1,2,3,4-tetrahydroisoquinolin-1-yl)methyl]-2-({6-methoxy-1-[(4-methoxyphenyl)methyl]-2-methyl-1,2,3,4-tetrahydroisoquinolin-7-yl}oxy)phenol",n/a,C37H42N2O6,610.30428708,M+H,+,611.311563,0
611.3118205,HMDB0170701,"7-{5-[(6,7-dimethoxy-2-methyl-1,2,3,4-tetrahydroisoquinolin-1-yl)methyl]-2-hydroxyphenoxy}-1-[(4-methoxyphenyl)methyl]-2-methyl-1,2,3,4-tetrahydroisoquinolin-6-ol",n/a,C37H42N2O6,610.30428708,M+H,+,611.311563,0
611.3118205,HMDB0170700,"1-{[4-hydroxy-3-({6-methoxy-1-[(4-methoxyphenyl)methyl]-2-methyl-1,2,3,4-tetrahydroisoquinolin-7-yl}oxy)phenyl]methyl}-7-methoxy-2-methyl-1,2,3,4-tetrahydroisoquinolin-6-ol",n/a,C37H42N2O6,610.30428708,M+H,+,611.311563,0
611.3118205,HMDB0168056,"1-benzyl-7-{5-[(6,7-dimethoxy-2-methyl-1,2,3,4-tetrahydroisoquinolin-1-yl)methyl]-2-hydroxyphenoxy}-6-methoxy-2-methyl-1,2,3,4-tetrahydroisoquinolin-5-ol",n/a,C37H42N2O6,610.30428708,M+H,+,611.311563,0
611.3118205,HMDB0168055,"7-{3-[(6,7-dimethoxy-2-methyl-1,2,3,4-tetrahydroisoquinolin-1-yl)methyl]phenoxy}-1-[(4-hydroxyphenyl)methyl]-6-methoxy-2-methyl-1,2,3,4-tetrahydroisoquinolin-5-ol",n/a,C37H42N2O6,610.30428708,M+H,+,611.311563,0
611.3118205,HMDB0168052,"1-{[3-({1-[(4-hydroxyphenyl)methyl]-6-methoxy-2-methyl-1,2,3,4-tetrahydroisoquinolin-7-yl}oxy)phenyl]methyl}-6,7-dimethoxy-2-methyl-1,2,3,4-tetrahydroisoquinolin-8-ol",n/a,C37H42N2O6,610.30428708,M+H,+,611.311563,0
611.3118205,HMDB0168053,"1-({3-[(1-benzyl-6-methoxy-2-methyl-1,2,3,4-tetrahydroisoquinolin-7-yl)oxy]-4-hydroxyphenyl}methyl)-6,7-dimethoxy-2-methyl-1,2,3,4-tetrahydroisoquinolin-8-ol",n/a,C37H42N2O6,610.30428708,M+H,+,611.311563,0
611.3118205,HMDB0165959,"7-{3-[(7-hydroxy-6-methoxy-2-methyl-1,2,3,4-tetrahydroisoquinolin-1-yl)methyl]phenoxy}-6-methoxy-1-[(4-methoxyphenyl)methyl]-2-methyl-1,2,3,4-tetrahydroisoquinolin-1-ol",n/a,C37H42N2O6,610.30428708,M+H,+,611.311563,0
611.3118205,HMDB0165946,"7-{3-[(7-hydroxy-6-methoxy-2-methyl-1,2,3,4-tetrahydroisoquinolin-1-yl)methyl]phenoxy}-6-methoxy-1-[(4-methoxyphenyl)methyl]-2-methyl-1,2,3,4-tetrahydro-2λ⁵-isoquinolin-2-one",n/a,C37H42N2O6,610.30428708,M+H,+,611.311563,0
611.3118205,HMDB0033920,Liensinine,n/a,C37H42N2O6,610.304287086,M+H,+,611.311563,0
611.3118205,HMDB0033749,Isoliensinine,n/a,C37H42N2O6,610.304287086,M+H,+,611.311563,0
